,imdb_id,frame_num,is_outdoor,is_indoor
0,28311,0,1,0
1,28311,24,1,0
2,28311,48,0,1
3,28311,72,1,0
4,28311,96,1,0
5,28311,120,1,0
6,28311,144,1,0
7,28311,168,1,0
8,28311,192,0,1
9,28311,216,0,1
10,28311,240,0,1
11,28311,264,0,1
12,28311,288,0,1
13,28311,312,0,1
14,28311,336,0,1
15,28311,360,0,1
16,28311,384,0,1
17,28311,408,0,1
18,28311,432,0,1
19,28311,456,0,1
20,28311,480,0,1
21,28311,504,0,1
22,28311,528,0,1
23,28311,552,0,1
24,28311,576,0,1
25,28311,600,0,1
26,28311,624,0,1
27,28311,648,0,1
28,28311,672,0,1
29,28311,696,0,1
30,28311,720,0,1
31,28311,744,0,1
32,28311,768,0,1
33,28311,792,0,1
34,28311,816,0,1
35,28311,840,0,1
36,28311,864,0,1
37,28311,888,0,1
38,28311,912,0,1
39,28311,936,0,1
40,28311,960,0,1
41,28311,984,0,1
42,28311,1008,0,1
43,28311,1032,0,1
44,28311,1056,0,1
45,28311,1080,0,1
46,28311,1104,0,1
47,28311,1128,0,1
48,28311,1152,0,1
49,28311,1176,0,1
50,28311,1200,0,1
51,28311,1224,0,1
52,28311,1248,0,1
53,28311,1272,0,1
54,28311,1296,0,1
55,28311,1320,0,1
56,28311,1344,0,1
57,28311,1368,0,1
58,28311,1392,0,1
59,28311,1416,0,1
60,28311,1440,0,1
61,28311,1464,0,1
62,28311,1488,0,1
63,28311,1512,0,1
64,28311,1536,0,1
65,28311,1560,0,1
66,28311,1584,0,1
67,28311,1608,0,1
68,28311,1632,0,1
69,28311,1656,0,1
70,28311,1680,0,1
71,28311,1704,0,1
72,28311,1728,0,1
73,28311,1752,0,1
74,28311,1776,0,1
75,28311,1800,0,1
76,28311,1824,1,0
77,28311,1848,1,0
78,28311,1872,1,0
79,28311,1896,1,0
80,28311,1920,1,0
81,28311,1944,1,0
82,28311,1968,1,0
83,28311,1992,1,0
84,28311,2016,1,0
85,28311,2040,1,0
86,28311,2064,0,1
87,28311,2088,1,0
88,28311,2112,1,0
89,28311,2136,1,0
90,28311,2160,1,0
91,28311,2184,1,0
92,28311,2208,1,0
93,28311,2232,1,0
94,28311,2256,1,0
95,28311,2280,1,0
96,28311,2304,1,0
97,28311,2328,1,0
98,28311,2352,0,1
99,28311,2376,0,1
100,28311,2400,0,1
101,28311,2424,1,0
102,28311,2448,1,0
103,28311,2472,1,0
104,28311,2496,1,0
105,28311,2520,1,0
106,28311,2544,1,0
107,28311,2568,1,0
108,28311,2592,1,0
109,28311,2616,1,0
110,28311,2640,1,0
111,28311,2664,0,1
112,28311,2688,0,1
113,28311,2712,0,1
114,28311,2736,0,1
115,28311,2760,0,1
116,28311,2784,0,1
117,28311,2808,0,1
118,28311,2832,0,1
119,28311,2856,0,1
120,28311,2880,0,1
121,28311,2904,0,1
122,28311,2928,0,1
123,28311,2952,0,1
124,28311,2976,0,1
125,28311,3000,0,1
126,28311,3024,0,1
127,28311,3048,0,1
128,28311,3072,0,1
129,28311,3096,0,1
130,28311,3120,0,1
131,28311,3144,0,1
132,28311,3168,0,1
133,28311,3192,0,1
134,28311,3216,0,1
135,28311,3240,0,1
136,28311,3264,0,1
137,28311,3288,0,1
138,28311,3312,0,1
139,28311,3336,0,1
140,28311,3360,0,1
141,28311,3384,0,1
142,28311,3408,0,1
143,28311,3432,0,1
144,28311,3456,0,1
145,28311,3480,0,1
146,28311,3504,0,1
147,28311,3528,0,1
148,28311,3552,0,1
149,28311,3576,0,1
150,28311,3600,0,1
151,28311,3624,1,0
152,28311,3648,1,0
153,28311,3672,1,0
154,28311,3696,1,0
155,28311,3720,1,0
156,28311,3744,1,0
157,28311,3768,1,0
158,28311,3792,1,0
159,28311,3816,1,0
160,28311,3840,1,0
161,28311,3864,1,0
162,28311,3888,1,0
163,28311,3912,1,0
164,28311,3936,1,0
165,28311,3960,1,0
166,28311,3984,0,1
167,28311,4008,1,0
168,28311,4032,1,0
169,28311,4056,1,0
170,28311,4080,1,0
171,28311,4104,1,0
172,28311,4128,1,0
173,28311,4152,0,1
174,28311,4176,1,0
175,28311,4200,1,0
176,28311,4224,1,0
177,28311,4248,1,0
178,28311,4272,0,1
179,28311,4296,0,1
180,28311,4320,0,1
181,28311,4344,1,0
182,28311,4368,1,0
183,28311,4392,0,1
184,28311,4416,1,0
185,28311,4440,1,0
186,28311,4464,1,0
187,28311,4488,1,0
188,28311,4512,0,1
189,28311,4536,1,0
190,28311,4560,1,0
191,28311,4584,1,0
192,28311,4608,1,0
193,28311,4632,1,0
194,28311,4656,1,0
195,28311,4680,1,0
196,28311,4704,1,0
197,28311,4728,1,0
198,28311,4752,1,0
199,28311,4776,1,0
200,28311,4800,1,0
201,28311,4824,1,0
202,28311,4848,1,0
203,28311,4872,1,0
204,28311,4896,1,0
205,28311,4920,1,0
206,28311,4944,0,1
207,28311,4968,0,1
208,28311,4992,0,1
209,28311,5016,0,1
210,28311,5040,1,0
211,28311,5064,1,0
212,28311,5088,1,0
213,28311,5112,1,0
214,28311,5136,0,1
215,28311,5160,0,1
216,28311,5184,1,0
217,28311,5208,0,1
218,28311,5232,1,0
219,28311,5256,0,1
220,28311,5280,0,1
221,28311,5304,0,1
222,28311,5328,0,1
223,28311,5352,0,1
224,28311,5376,0,1
225,28311,5400,0,1
226,28311,5424,0,1
227,28311,5448,0,1
228,28311,5472,0,1
229,28311,5496,0,1
230,28311,5520,1,0
231,28311,5544,0,1
232,28311,5568,0,1
233,28311,5592,0,1
234,28311,5616,0,1
235,28311,5640,0,1
236,28311,5664,0,1
237,28311,5688,0,1
238,28311,5712,1,0
239,28311,5736,1,0
240,28311,5760,1,0
241,28311,5784,0,1
242,28311,5808,0,1
243,28311,5832,0,1
244,28311,5856,0,1
245,28311,5880,0,1
246,28311,5904,0,1
247,28311,5928,1,0
248,28311,5952,1,0
249,28311,5976,1,0
250,28311,6000,1,0
251,28311,6024,1,0
252,28311,6048,1,0
253,28311,6072,1,0
254,28311,6096,1,0
255,28311,6120,1,0
256,28311,6144,1,0
257,28311,6168,1,0
258,28311,6192,1,0
259,28311,6216,1,0
260,28311,6240,1,0
261,28311,6264,1,0
262,28311,6288,1,0
263,28311,6312,1,0
264,28311,6336,1,0
265,28311,6360,0,1
266,28311,6384,0,1
267,28311,6408,0,1
268,28311,6432,0,1
269,28311,6456,0,1
270,28311,6480,0,1
271,28311,6504,0,1
272,28311,6528,0,1
273,28311,6552,0,1
274,28311,6576,0,1
275,28311,6600,0,1
276,28311,6624,0,1
277,28311,6648,0,1
278,28311,6672,0,1
279,28311,6696,0,1
280,28311,6720,0,1
281,28311,6744,0,1
282,28311,6768,0,1
283,28311,6792,0,1
284,28311,6816,0,1
285,28311,6840,0,1
286,28311,6864,0,1
287,28311,6888,0,1
288,28311,6912,0,1
289,28311,6936,0,1
290,28311,6960,0,1
291,28311,6984,0,1
292,28311,7008,0,1
293,28311,7032,0,1
294,28311,7056,0,1
295,28311,7080,0,1
296,28311,7104,0,1
297,28311,7128,0,1
298,28311,7152,0,1
299,28311,7176,0,1
300,28311,7200,0,1
301,28311,7224,0,1
302,28311,7248,0,1
303,28311,7272,0,1
304,28311,7296,0,1
305,28311,7320,0,1
306,28311,7344,0,1
307,28311,7368,0,1
308,28311,7392,0,1
309,28311,7416,0,1
310,28311,7440,0,1
311,28311,7464,0,1
312,28311,7488,0,1
313,28311,7512,0,1
314,28311,7536,0,1
315,28311,7560,0,1
316,28311,7584,0,1
317,28311,7608,0,1
318,28311,7632,0,1
319,28311,7656,0,1
320,28311,7680,0,1
321,28311,7704,0,1
322,28311,7728,0,1
323,28311,7752,0,1
324,28311,7776,1,0
325,28311,7800,1,0
326,28311,7824,1,0
327,28311,7848,1,0
328,28311,7872,1,0
329,28311,7896,1,0
330,28311,7920,1,0
331,28311,7944,1,0
332,28311,7968,1,0
333,28311,7992,1,0
334,28311,8016,1,0
335,28311,8040,1,0
336,28311,8064,1,0
337,28311,8088,0,1
338,28311,8112,0,1
339,28311,8136,0,1
340,28311,8160,0,1
341,28311,8184,0,1
342,28311,8208,0,1
343,28311,8232,0,1
344,28311,8256,0,1
345,28311,8280,0,1
346,28311,8304,0,1
347,28311,8328,0,1
348,28311,8352,0,1
349,28311,8376,0,1
350,28311,8400,0,1
351,28311,8424,0,1
352,28311,8448,0,1
353,28311,8472,0,1
354,28311,8496,0,1
355,28311,8520,0,1
356,28311,8544,0,1
357,28311,8568,0,1
358,28311,8592,0,1
359,28311,8616,0,1
360,28311,8640,0,1
361,28311,8664,0,1
362,28311,8688,0,1
363,28311,8712,0,1
364,28311,8736,0,1
365,28311,8760,0,1
366,28311,8784,0,1
367,28311,8808,0,1
368,28311,8832,0,1
369,28311,8856,0,1
370,28311,8880,0,1
371,28311,8904,0,1
372,28311,8928,0,1
373,28311,8952,0,1
374,28311,8976,0,1
375,28311,9000,0,1
376,28311,9024,0,1
377,28311,9048,0,1
378,28311,9072,0,1
379,28311,9096,1,0
380,28311,9120,0,1
381,28311,9144,0,1
382,28311,9168,1,0
383,28311,9192,0,1
384,28311,9216,0,1
385,28311,9240,0,1
386,28311,9264,0,1
387,28311,9288,0,1
388,28311,9312,1,0
389,28311,9336,1,0
390,28311,9360,1,0
391,28311,9384,1,0
392,28311,9408,1,0
393,28311,9432,1,0
394,28311,9456,0,1
395,28311,9480,1,0
396,28311,9504,0,1
397,28311,9528,0,1
398,28311,9552,1,0
399,28311,9576,1,0
400,28311,9600,0,1
401,28311,9624,0,1
402,28311,9648,0,1
403,28311,9672,0,1
404,28311,9696,0,1
405,28311,9720,0,1
406,28311,9744,0,1
407,28311,9768,0,1
408,28311,9792,0,1
409,28311,9816,0,1
410,28311,9840,0,1
411,28311,9864,0,1
412,28311,9888,0,1
413,28311,9912,0,1
414,28311,9936,0,1
415,28311,9960,0,1
416,28311,9984,0,1
417,28311,10008,0,1
418,28311,10032,0,1
419,28311,10056,0,1
420,28311,10080,0,1
421,28311,10104,0,1
422,28311,10128,0,1
423,28311,10152,0,1
424,28311,10176,0,1
425,28311,10200,0,1
426,28311,10224,0,1
427,28311,10248,0,1
428,28311,10272,0,1
429,28311,10296,0,1
430,28311,10320,0,1
431,28311,10344,0,1
432,28311,10368,0,1
433,28311,10392,1,0
434,28311,10416,0,1
435,28311,10440,1,0
436,28311,10464,0,1
437,28311,10488,0,1
438,28311,10512,0,1
439,28311,10536,0,1
440,28311,10560,0,1
441,28311,10584,0,1
442,28311,10608,0,1
443,28311,10632,0,1
444,28311,10656,0,1
445,28311,10680,0,1
446,28311,10704,0,1
447,28311,10728,0,1
448,28311,10752,0,1
449,28311,10776,0,1
450,28311,10800,0,1
451,28311,10824,0,1
452,28311,10848,0,1
453,28311,10872,0,1
454,28311,10896,0,1
455,28311,10920,0,1
456,28311,10944,0,1
457,28311,10968,0,1
458,28311,10992,0,1
459,28311,11016,0,1
460,28311,11040,0,1
461,28311,11064,0,1
462,28311,11088,0,1
463,28311,11112,0,1
464,28311,11136,0,1
465,28311,11160,0,1
466,28311,11184,0,1
467,28311,11208,0,1
468,28311,11232,0,1
469,28311,11256,0,1
470,28311,11280,0,1
471,28311,11304,0,1
472,28311,11328,0,1
473,28311,11352,0,1
474,28311,11376,0,1
475,28311,11400,0,1
476,28311,11424,0,1
477,28311,11448,0,1
478,28311,11472,0,1
479,28311,11496,0,1
480,28311,11520,0,1
481,28311,11544,0,1
482,28311,11568,0,1
483,28311,11592,0,1
484,28311,11616,0,1
485,28311,11640,0,1
486,28311,11664,0,1
487,28311,11688,0,1
488,28311,11712,0,1
489,28311,11736,0,1
490,28311,11760,0,1
491,28311,11784,0,1
492,28311,11808,0,1
493,28311,11832,0,1
494,28311,11856,0,1
495,28311,11880,0,1
496,28311,11904,0,1
497,28311,11928,0,1
498,28311,11952,0,1
499,28311,11976,0,1
500,28311,12000,0,1
501,28311,12024,0,1
502,28311,12048,0,1
503,28311,12072,0,1
504,28311,12096,0,1
505,28311,12120,0,1
506,28311,12144,0,1
507,28311,12168,0,1
508,28311,12192,0,1
509,28311,12216,0,1
510,28311,12240,0,1
511,28311,12264,0,1
512,28311,12288,0,1
513,28311,12312,0,1
514,28311,12336,0,1
515,28311,12360,0,1
516,28311,12384,0,1
517,28311,12408,0,1
518,28311,12432,0,1
519,28311,12456,0,1
520,28311,12480,0,1
521,28311,12504,0,1
522,28311,12528,0,1
523,28311,12552,0,1
524,28311,12576,0,1
525,28311,12600,0,1
526,28311,12624,0,1
527,28311,12648,0,1
528,28311,12672,0,1
529,28311,12696,0,1
530,28311,12720,0,1
531,28311,12744,0,1
532,28311,12768,0,1
533,28311,12792,0,1
534,28311,12816,0,1
535,28311,12840,0,1
536,28311,12864,0,1
537,28311,12888,0,1
538,28311,12912,0,1
539,28311,12936,0,1
540,28311,12960,0,1
541,28311,12984,0,1
542,28311,13008,0,1
543,28311,13032,0,1
544,28311,13056,0,1
545,28311,13080,0,1
546,28311,13104,0,1
547,28311,13128,0,1
548,28311,13152,0,1
549,28311,13176,0,1
550,28311,13200,0,1
551,28311,13224,0,1
552,28311,13248,0,1
553,28311,13272,0,1
554,28311,13296,0,1
555,28311,13320,0,1
556,28311,13344,0,1
557,28311,13368,0,1
558,28311,13392,0,1
559,28311,13416,0,1
560,28311,13440,0,1
561,28311,13464,0,1
562,28311,13488,0,1
563,28311,13512,0,1
564,28311,13536,0,1
565,28311,13560,0,1
566,28311,13584,0,1
567,28311,13608,0,1
568,28311,13632,0,1
569,28311,13656,0,1
570,28311,13680,0,1
571,28311,13704,0,1
572,28311,13728,0,1
573,28311,13752,0,1
574,28311,13776,0,1
575,28311,13800,0,1
576,28311,13824,0,1
577,28311,13848,0,1
578,28311,13872,0,1
579,28311,13896,0,1
580,28311,13920,0,1
581,28311,13944,0,1
582,28311,13968,0,1
583,28311,13992,0,1
584,28311,14016,0,1
585,28311,14040,0,1
586,28311,14064,0,1
587,28311,14088,0,1
588,28311,14112,0,1
589,28311,14136,0,1
590,28311,14160,0,1
591,28311,14184,0,1
592,28311,14208,0,1
593,28311,14232,0,1
594,28311,14256,0,1
595,28311,14280,0,1
596,28311,14304,0,1
597,28311,14328,0,1
598,28311,14352,0,1
599,28311,14376,0,1
600,28311,14400,0,1
601,28311,14424,0,1
602,28311,14448,0,1
603,28311,14472,0,1
604,28311,14496,0,1
605,28311,14520,0,1
606,28311,14544,0,1
607,28311,14568,0,1
608,28311,14592,0,1
609,28311,14616,0,1
610,28311,14640,0,1
611,28311,14664,0,1
612,28311,14688,0,1
613,28311,14712,0,1
614,28311,14736,0,1
615,28311,14760,0,1
616,28311,14784,0,1
617,28311,14808,0,1
618,28311,14832,0,1
619,28311,14856,0,1
620,28311,14880,0,1
621,28311,14904,0,1
622,28311,14928,0,1
623,28311,14952,0,1
624,28311,14976,0,1
625,28311,15000,0,1
626,28311,15024,0,1
627,28311,15048,0,1
628,28311,15072,0,1
629,28311,15096,0,1
630,28311,15120,0,1
631,28311,15144,0,1
632,28311,15168,0,1
633,28311,15192,0,1
634,28311,15216,0,1
635,28311,15240,0,1
636,28311,15264,0,1
637,28311,15288,0,1
638,28311,15312,0,1
639,28311,15336,0,1
640,28311,15360,0,1
641,28311,15384,0,1
642,28311,15408,0,1
643,28311,15432,0,1
644,28311,15456,0,1
645,28311,15480,0,1
646,28311,15504,0,1
647,28311,15528,0,1
648,28311,15552,0,1
649,28311,15576,0,1
650,28311,15600,0,1
651,28311,15624,0,1
652,28311,15648,0,1
653,28311,15672,0,1
654,28311,15696,0,1
655,28311,15720,0,1
656,28311,15744,0,1
657,28311,15768,0,1
658,28311,15792,0,1
659,28311,15816,0,1
660,28311,15840,0,1
661,28311,15864,0,1
662,28311,15888,0,1
663,28311,15912,0,1
664,28311,15936,0,1
665,28311,15960,0,1
666,28311,15984,0,1
667,28311,16008,0,1
668,28311,16032,0,1
669,28311,16056,0,1
670,28311,16080,0,1
671,28311,16104,0,1
672,28311,16128,0,1
673,28311,16152,0,1
674,28311,16176,0,1
675,28311,16200,0,1
676,28311,16224,0,1
677,28311,16248,0,1
678,28311,16272,0,1
679,28311,16296,0,1
680,28311,16320,0,1
681,28311,16344,0,1
682,28311,16368,0,1
683,28311,16392,0,1
684,28311,16416,0,1
685,28311,16440,0,1
686,28311,16464,0,1
687,28311,16488,0,1
688,28311,16512,0,1
689,28311,16536,0,1
690,28311,16560,0,1
691,28311,16584,0,1
692,28311,16608,0,1
693,28311,16632,0,1
694,28311,16656,0,1
695,28311,16680,0,1
696,28311,16704,0,1
697,28311,16728,0,1
698,28311,16752,0,1
699,28311,16776,0,1
700,28311,16800,0,1
701,28311,16824,0,1
702,28311,16848,0,1
703,28311,16872,0,1
704,28311,16896,0,1
705,28311,16920,0,1
706,28311,16944,0,1
707,28311,16968,0,1
708,28311,16992,0,1
709,28311,17016,0,1
710,28311,17040,0,1
711,28311,17064,0,1
712,28311,17088,0,1
713,28311,17112,0,1
714,28311,17136,0,1
715,28311,17160,0,1
716,28311,17184,0,1
717,28311,17208,0,1
718,28311,17232,0,1
719,28311,17256,0,1
720,28311,17280,0,1
721,28311,17304,0,1
722,28311,17328,0,1
723,28311,17352,0,1
724,28311,17376,0,1
725,28311,17400,0,1
726,28311,17424,0,1
727,28311,17448,0,1
728,28311,17472,0,1
729,28311,17496,0,1
730,28311,17520,0,1
731,28311,17544,0,1
732,28311,17568,0,1
733,28311,17592,0,1
734,28311,17616,0,1
735,28311,17640,0,1
736,28311,17664,0,1
737,28311,17688,0,1
738,28311,17712,0,1
739,28311,17736,0,1
740,28311,17760,0,1
741,28311,17784,0,1
742,28311,17808,0,1
743,28311,17832,0,1
744,28311,17856,0,1
745,28311,17880,0,1
746,28311,17904,0,1
747,28311,17928,0,1
748,28311,17952,0,1
749,28311,17976,0,1
750,28311,18000,0,1
751,28311,18024,0,1
752,28311,18048,0,1
753,28311,18072,0,1
754,28311,18096,0,1
755,28311,18120,0,1
756,28311,18144,0,1
757,28311,18168,0,1
758,28311,18192,0,1
759,28311,18216,0,1
760,28311,18240,0,1
761,28311,18264,0,1
762,28311,18288,0,1
763,28311,18312,0,1
764,28311,18336,0,1
765,28311,18360,0,1
766,28311,18384,0,1
767,28311,18408,0,1
768,28311,18432,0,1
769,28311,18456,0,1
770,28311,18480,0,1
771,28311,18504,0,1
772,28311,18528,0,1
773,28311,18552,0,1
774,28311,18576,0,1
775,28311,18600,0,1
776,28311,18624,0,1
777,28311,18648,0,1
778,28311,18672,0,1
779,28311,18696,0,1
780,28311,18720,0,1
781,28311,18744,0,1
782,28311,18768,0,1
783,28311,18792,0,1
784,28311,18816,0,1
785,28311,18840,0,1
786,28311,18864,0,1
787,28311,18888,0,1
788,28311,18912,0,1
789,28311,18936,0,1
790,28311,18960,0,1
791,28311,18984,0,1
792,28311,19008,0,1
793,28311,19032,0,1
794,28311,19056,0,1
795,28311,19080,0,1
796,28311,19104,0,1
797,28311,19128,0,1
798,28311,19152,0,1
799,28311,19176,0,1
800,28311,19200,0,1
801,28311,19224,0,1
802,28311,19248,0,1
803,28311,19272,0,1
804,28311,19296,0,1
805,28311,19320,0,1
806,28311,19344,0,1
807,28311,19368,0,1
808,28311,19392,0,1
809,28311,19416,0,1
810,28311,19440,0,1
811,28311,19464,0,1
812,28311,19488,0,1
813,28311,19512,0,1
814,28311,19536,0,1
815,28311,19560,0,1
816,28311,19584,0,1
817,28311,19608,0,1
818,28311,19632,0,1
819,28311,19656,0,1
820,28311,19680,0,1
821,28311,19704,0,1
822,28311,19728,0,1
823,28311,19752,0,1
824,28311,19776,0,1
825,28311,19800,0,1
826,28311,19824,0,1
827,28311,19848,0,1
828,28311,19872,0,1
829,28311,19896,0,1
830,28311,19920,0,1
831,28311,19944,0,1
832,28311,19968,0,1
833,28311,19992,0,1
834,28311,20016,0,1
835,28311,20040,0,1
836,28311,20064,0,1
837,28311,20088,0,1
838,28311,20112,0,1
839,28311,20136,0,1
840,28311,20160,0,1
841,28311,20184,0,1
842,28311,20208,0,1
843,28311,20232,0,1
844,28311,20256,0,1
845,28311,20280,0,1
846,28311,20304,0,1
847,28311,20328,0,1
848,28311,20352,0,1
849,28311,20376,0,1
850,28311,20400,0,1
851,28311,20424,0,1
852,28311,20448,0,1
853,28311,20472,0,1
854,28311,20496,0,1
855,28311,20520,0,1
856,28311,20544,0,1
857,28311,20568,0,1
858,28311,20592,0,1
859,28311,20616,0,1
860,28311,20640,1,0
861,28311,20664,1,0
862,28311,20688,1,0
863,28311,20712,1,0
864,28311,20736,1,0
865,28311,20760,1,0
866,28311,20784,1,0
867,28311,20808,1,0
868,28311,20832,1,0
869,28311,20856,1,0
870,28311,20880,1,0
871,28311,20904,1,0
872,28311,20928,1,0
873,28311,20952,1,0
874,28311,20976,0,1
875,28311,21000,0,1
876,28311,21024,0,1
877,28311,21048,0,1
878,28311,21072,0,1
879,28311,21096,0,1
880,28311,21120,0,1
881,28311,21144,0,1
882,28311,21168,0,1
883,28311,21192,0,1
884,28311,21216,0,1
885,28311,21240,0,1
886,28311,21264,0,1
887,28311,21288,0,1
888,28311,21312,0,1
889,28311,21336,0,1
890,28311,21360,0,1
891,28311,21384,0,1
892,28311,21408,0,1
893,28311,21432,0,1
894,28311,21456,0,1
895,28311,21480,0,1
896,28311,21504,0,1
897,28311,21528,0,1
898,28311,21552,0,1
899,28311,21576,0,1
900,28311,21600,0,1
901,28311,21624,0,1
902,28311,21648,0,1
903,28311,21672,0,1
904,28311,21696,0,1
905,28311,21720,0,1
906,28311,21744,0,1
907,28311,21768,0,1
908,28311,21792,0,1
909,28311,21816,0,1
910,28311,21840,1,0
911,28311,21864,1,0
912,28311,21888,1,0
913,28311,21912,1,0
914,28311,21936,1,0
915,28311,21960,1,0
916,28311,21984,1,0
917,28311,22008,0,1
918,28311,22032,0,1
919,28311,22056,1,0
920,28311,22080,1,0
921,28311,22104,0,1
922,28311,22128,1,0
923,28311,22152,1,0
924,28311,22176,1,0
925,28311,22200,1,0
926,28311,22224,1,0
927,28311,22248,1,0
928,28311,22272,1,0
929,28311,22296,1,0
930,28311,22320,1,0
931,28311,22344,1,0
932,28311,22368,0,1
933,28311,22392,0,1
934,28311,22416,0,1
935,28311,22440,0,1
936,28311,22464,0,1
937,28311,22488,0,1
938,28311,22512,0,1
939,28311,22536,0,1
940,28311,22560,0,1
941,28311,22584,0,1
942,28311,22608,0,1
943,28311,22632,1,0
944,28311,22656,0,1
945,28311,22680,0,1
946,28311,22704,0,1
947,28311,22728,0,1
948,28311,22752,0,1
949,28311,22776,0,1
950,28311,22800,0,1
951,28311,22824,1,0
952,28311,22848,1,0
953,28311,22872,1,0
954,28311,22896,1,0
955,28311,22920,1,0
956,28311,22944,1,0
957,28311,22968,1,0
958,28311,22992,1,0
959,28311,23016,1,0
960,28311,23040,1,0
961,28311,23064,0,1
962,28311,23088,0,1
963,28311,23112,0,1
964,28311,23136,0,1
965,28311,23160,0,1
966,28311,23184,1,0
967,28311,23208,1,0
968,28311,23232,1,0
969,28311,23256,0,1
970,28311,23280,0,1
971,28311,23304,0,1
972,28311,23328,1,0
973,28311,23352,1,0
974,28311,23376,0,1
975,28311,23400,1,0
976,28311,23424,1,0
977,28311,23448,1,0
978,28311,23472,1,0
979,28311,23496,1,0
980,28311,23520,0,1
981,28311,23544,0,1
982,28311,23568,0,1
983,28311,23592,0,1
984,28311,23616,0,1
985,28311,23640,1,0
986,28311,23664,0,1
987,28311,23688,0,1
988,28311,23712,1,0
989,28311,23736,0,1
990,28311,23760,1,0
991,28311,23784,1,0
992,28311,23808,1,0
993,28311,23832,1,0
994,28311,23856,1,0
995,28311,23880,0,1
996,28311,23904,0,1
997,28311,23928,1,0
998,28311,23952,0,1
999,28311,23976,0,1
1000,28311,24000,0,1
1001,28311,24024,0,1
1002,28311,24048,0,1
1003,28311,24072,0,1
1004,28311,24096,0,1
1005,28311,24120,0,1
1006,28311,24144,0,1
1007,28311,24168,0,1
1008,28311,24192,0,1
1009,28311,24216,0,1
1010,28311,24240,1,0
1011,28311,24264,0,1
1012,28311,24288,1,0
1013,28311,24312,1,0
1014,28311,24336,1,0
1015,28311,24360,1,0
1016,28311,24384,1,0
1017,28311,24408,1,0
1018,28311,24432,1,0
1019,28311,24456,1,0
1020,28311,24480,1,0
1021,28311,24504,0,1
1022,28311,24528,0,1
1023,28311,24552,0,1
1024,28311,24576,0,1
1025,28311,24600,1,0
1026,28311,24624,1,0
1027,28311,24648,0,1
1028,28311,24672,0,1
1029,28311,24696,0,1
1030,28311,24720,1,0
1031,28311,24744,1,0
1032,28311,24768,1,0
1033,28311,24792,1,0
1034,28311,24816,1,0
1035,28311,24840,1,0
1036,28311,24864,1,0
1037,28311,24888,1,0
1038,28311,24912,1,0
1039,28311,24936,1,0
1040,28311,24960,1,0
1041,28311,24984,1,0
1042,28311,25008,1,0
1043,28311,25032,1,0
1044,28311,25056,1,0
1045,28311,25080,1,0
1046,28311,25104,1,0
1047,28311,25128,1,0
1048,28311,25152,1,0
1049,28311,25176,1,0
1050,28311,25200,1,0
1051,28311,25224,1,0
1052,28311,25248,1,0
1053,28311,25272,1,0
1054,28311,25296,1,0
1055,28311,25320,1,0
1056,28311,25344,1,0
1057,28311,25368,1,0
1058,28311,25392,1,0
1059,28311,25416,0,1
1060,28311,25440,0,1
1061,28311,25464,0,1
1062,28311,25488,0,1
1063,28311,25512,0,1
1064,28311,25536,0,1
1065,28311,25560,0,1
1066,28311,25584,0,1
1067,28311,25608,0,1
1068,28311,25632,1,0
1069,28311,25656,1,0
1070,28311,25680,1,0
1071,28311,25704,1,0
1072,28311,25728,1,0
1073,28311,25752,1,0
1074,28311,25776,1,0
1075,28311,25800,0,1
1076,28311,25824,1,0
1077,28311,25848,1,0
1078,28311,25872,1,0
1079,28311,25896,1,0
1080,28311,25920,0,1
1081,28311,25944,0,1
1082,28311,25968,1,0
1083,28311,25992,1,0
1084,28311,26016,1,0
1085,28311,26040,1,0
1086,28311,26064,1,0
1087,28311,26088,1,0
1088,28311,26112,1,0
1089,28311,26136,1,0
1090,28311,26160,1,0
1091,28311,26184,1,0
1092,28311,26208,1,0
1093,28311,26232,0,1
1094,28311,26256,0,1
1095,28311,26280,0,1
1096,28311,26304,0,1
1097,28311,26328,0,1
1098,28311,26352,0,1
1099,28311,26376,0,1
1100,28311,26400,0,1
1101,28311,26424,0,1
1102,28311,26448,0,1
1103,28311,26472,0,1
1104,28311,26496,0,1
1105,28311,26520,0,1
1106,28311,26544,0,1
1107,28311,26568,0,1
1108,28311,26592,0,1
1109,28311,26616,0,1
1110,28311,26640,0,1
1111,28311,26664,0,1
1112,28311,26688,1,0
1113,28311,26712,1,0
1114,28311,26736,0,1
1115,28311,26760,1,0
1116,28311,26784,1,0
1117,28311,26808,1,0
1118,28311,26832,1,0
1119,28311,26856,1,0
1120,28311,26880,1,0
1121,28311,26904,1,0
1122,28311,26928,1,0
1123,28311,26952,1,0
1124,28311,26976,0,1
1125,28311,27000,1,0
1126,28311,27024,1,0
1127,28311,27048,1,0
1128,28311,27072,1,0
1129,28311,27096,1,0
1130,28311,27120,1,0
1131,28311,27144,1,0
1132,28311,27168,0,1
1133,28311,27192,1,0
1134,28311,27216,1,0
1135,28311,27240,1,0
1136,28311,27264,1,0
1137,28311,27288,0,1
1138,28311,27312,0,1
1139,28311,27336,1,0
1140,28311,27360,1,0
1141,28311,27384,1,0
1142,28311,27408,1,0
1143,28311,27432,1,0
1144,28311,27456,1,0
1145,28311,27480,1,0
1146,28311,27504,1,0
1147,28311,27528,1,0
1148,28311,27552,1,0
1149,28311,27576,1,0
1150,28311,27600,1,0
1151,28311,27624,1,0
1152,28311,27648,1,0
1153,28311,27672,1,0
1154,28311,27696,1,0
1155,28311,27720,1,0
1156,28311,27744,0,1
1157,28311,27768,0,1
1158,28311,27792,0,1
1159,28311,27816,0,1
1160,28311,27840,0,1
1161,28311,27864,0,1
1162,28311,27888,0,1
1163,28311,27912,0,1
1164,28311,27936,0,1
1165,28311,27960,0,1
1166,28311,27984,0,1
1167,28311,28008,0,1
1168,28311,28032,0,1
1169,28311,28056,0,1
1170,28311,28080,0,1
1171,28311,28104,0,1
1172,28311,28128,0,1
1173,28311,28152,0,1
1174,28311,28176,0,1
1175,28311,28200,0,1
1176,28311,28224,0,1
1177,28311,28248,0,1
1178,28311,28272,0,1
1179,28311,28296,0,1
1180,28311,28320,0,1
1181,28311,28344,0,1
1182,28311,28368,1,0
1183,28311,28392,1,0
1184,28311,28416,1,0
1185,28311,28440,1,0
1186,28311,28464,1,0
1187,28311,28488,1,0
1188,28311,28512,1,0
1189,28311,28536,1,0
1190,28311,28560,1,0
1191,28311,28584,1,0
1192,28311,28608,1,0
1193,28311,28632,1,0
1194,28311,28656,1,0
1195,28311,28680,0,1
1196,28311,28704,0,1
1197,28311,28728,0,1
1198,28311,28752,0,1
1199,28311,28776,0,1
1200,28311,28800,0,1
1201,28311,28824,0,1
1202,28311,28848,0,1
1203,28311,28872,0,1
1204,28311,28896,0,1
1205,28311,28920,0,1
1206,28311,28944,0,1
1207,28311,28968,0,1
1208,28311,28992,0,1
1209,28311,29016,0,1
1210,28311,29040,0,1
1211,28311,29064,0,1
1212,28311,29088,0,1
1213,28311,29112,0,1
1214,28311,29136,1,0
1215,28311,29160,1,0
1216,28311,29184,1,0
1217,28311,29208,1,0
1218,28311,29232,1,0
1219,28311,29256,1,0
1220,28311,29280,1,0
1221,28311,29304,1,0
1222,28311,29328,1,0
1223,28311,29352,1,0
1224,28311,29376,1,0
1225,28311,29400,1,0
1226,28311,29424,1,0
1227,28311,29448,1,0
1228,28311,29472,1,0
1229,28311,29496,1,0
1230,28311,29520,1,0
1231,28311,29544,1,0
1232,28311,29568,1,0
1233,28311,29592,1,0
1234,28311,29616,1,0
1235,28311,29640,1,0
1236,28311,29664,1,0
1237,28311,29688,1,0
1238,28311,29712,1,0
1239,28311,29736,1,0
1240,28311,29760,0,1
1241,28311,29784,0,1
1242,28311,29808,0,1
1243,28311,29832,0,1
1244,28311,29856,0,1
1245,28311,29880,0,1
1246,28311,29904,0,1
1247,28311,29928,0,1
1248,28311,29952,0,1
1249,28311,29976,0,1
1250,28311,30000,0,1
1251,28311,30024,0,1
1252,28311,30048,0,1
1253,28311,30072,1,0
1254,28311,30096,0,1
1255,28311,30120,0,1
1256,28311,30144,0,1
1257,28311,30168,0,1
1258,28311,30192,0,1
1259,28311,30216,1,0
1260,28311,30240,1,0
1261,28311,30264,1,0
1262,28311,30288,1,0
1263,28311,30312,1,0
1264,28311,30336,1,0
1265,28311,30360,1,0
1266,28311,30384,1,0
1267,28311,30408,1,0
1268,28311,30432,1,0
1269,28311,30456,1,0
1270,28311,30480,1,0
1271,28311,30504,1,0
1272,28311,30528,1,0
1273,28311,30552,1,0
1274,28311,30576,1,0
1275,28311,30600,1,0
1276,28311,30624,1,0
1277,28311,30648,1,0
1278,28311,30672,1,0
1279,28311,30696,1,0
1280,28311,30720,1,0
1281,28311,30744,1,0
1282,28311,30768,1,0
1283,28311,30792,0,1
1284,28311,30816,1,0
1285,28311,30840,0,1
1286,28311,30864,1,0
1287,28311,30888,0,1
1288,28311,30912,0,1
1289,28311,30936,1,0
1290,28311,30960,1,0
1291,28311,30984,1,0
1292,28311,31008,0,1
1293,28311,31032,1,0
1294,28311,31056,1,0
1295,28311,31080,1,0
1296,28311,31104,1,0
1297,28311,31128,1,0
1298,28311,31152,1,0
1299,28311,31176,1,0
1300,28311,31200,1,0
1301,28311,31224,1,0
1302,28311,31248,0,1
1303,28311,31272,1,0
1304,28311,31296,1,0
1305,28311,31320,1,0
1306,28311,31344,1,0
1307,28311,31368,1,0
1308,28311,31392,1,0
1309,28311,31416,1,0
1310,28311,31440,1,0
1311,28311,31464,1,0
1312,28311,31488,1,0
1313,28311,31512,0,1
1314,28311,31536,1,0
1315,28311,31560,1,0
1316,28311,31584,1,0
1317,28311,31608,1,0
1318,28311,31632,0,1
1319,28311,31656,1,0
1320,28311,31680,1,0
1321,28311,31704,1,0
1322,28311,31728,1,0
1323,28311,31752,1,0
1324,28311,31776,1,0
1325,28311,31800,1,0
1326,28311,31824,1,0
1327,28311,31848,1,0
1328,28311,31872,1,0
1329,28311,31896,1,0
1330,28311,31920,1,0
1331,28311,31944,1,0
1332,28311,31968,1,0
1333,28311,31992,1,0
1334,28311,32016,1,0
1335,28311,32040,1,0
1336,28311,32064,1,0
1337,28311,32088,1,0
1338,28311,32112,1,0
1339,28311,32136,1,0
1340,28311,32160,1,0
1341,28311,32184,1,0
1342,28311,32208,1,0
1343,28311,32232,1,0
1344,28311,32256,1,0
1345,28311,32280,1,0
1346,28311,32304,1,0
1347,28311,32328,1,0
1348,28311,32352,1,0
1349,28311,32376,1,0
1350,28311,32400,1,0
1351,28311,32424,1,0
1352,28311,32448,1,0
1353,28311,32472,1,0
1354,28311,32496,1,0
1355,28311,32520,1,0
1356,28311,32544,1,0
1357,28311,32568,1,0
1358,28311,32592,1,0
1359,28311,32616,1,0
1360,28311,32640,1,0
1361,28311,32664,1,0
1362,28311,32688,0,1
1363,28311,32712,1,0
1364,28311,32736,0,1
1365,28311,32760,1,0
1366,28311,32784,1,0
1367,28311,32808,1,0
1368,28311,32832,1,0
1369,28311,32856,1,0
1370,28311,32880,0,1
1371,28311,32904,1,0
1372,28311,32928,1,0
1373,28311,32952,1,0
1374,28311,32976,1,0
1375,28311,33000,1,0
1376,28311,33024,0,1
1377,28311,33048,0,1
1378,28311,33072,1,0
1379,28311,33096,1,0
1380,28311,33120,0,1
1381,28311,33144,1,0
1382,28311,33168,0,1
1383,28311,33192,1,0
1384,28311,33216,1,0
1385,28311,33240,1,0
1386,28311,33264,1,0
1387,28311,33288,1,0
1388,28311,33312,1,0
1389,28311,33336,1,0
1390,28311,33360,1,0
1391,28311,33384,1,0
1392,28311,33408,0,1
1393,28311,33432,1,0
1394,28311,33456,1,0
1395,28311,33480,1,0
1396,28311,33504,1,0
1397,28311,33528,0,1
1398,28311,33552,0,1
1399,28311,33576,0,1
1400,28311,33600,1,0
1401,28311,33624,1,0
1402,28311,33648,1,0
1403,28311,33672,1,0
1404,28311,33696,1,0
1405,28311,33720,1,0
1406,28311,33744,1,0
1407,28311,33768,1,0
1408,28311,33792,1,0
1409,28311,33816,1,0
1410,28311,33840,1,0
1411,28311,33864,1,0
1412,28311,33888,1,0
1413,28311,33912,1,0
1414,28311,33936,1,0
1415,28311,33960,1,0
1416,28311,33984,1,0
1417,28311,34008,1,0
1418,28311,34032,1,0
1419,28311,34056,1,0
1420,28311,34080,0,1
1421,28311,34104,0,1
1422,28311,34128,0,1
1423,28311,34152,0,1
1424,28311,34176,0,1
1425,28311,34200,0,1
1426,28311,34224,0,1
1427,28311,34248,0,1
1428,28311,34272,0,1
1429,28311,34296,0,1
1430,28311,34320,0,1
1431,28311,34344,0,1
1432,28311,34368,0,1
1433,28311,34392,0,1
1434,28311,34416,0,1
1435,28311,34440,0,1
1436,28311,34464,0,1
1437,28311,34488,0,1
1438,28311,34512,0,1
1439,28311,34536,0,1
1440,28311,34560,0,1
1441,28311,34584,0,1
1442,28311,34608,0,1
1443,28311,34632,0,1
1444,28311,34656,0,1
1445,28311,34680,0,1
1446,28311,34704,0,1
1447,28311,34728,0,1
1448,28311,34752,0,1
1449,28311,34776,0,1
1450,28311,34800,0,1
1451,28311,34824,0,1
1452,28311,34848,0,1
1453,28311,34872,0,1
1454,28311,34896,0,1
1455,28311,34920,0,1
1456,28311,34944,0,1
1457,28311,34968,0,1
1458,28311,34992,0,1
1459,28311,35016,0,1
1460,28311,35040,0,1
1461,28311,35064,0,1
1462,28311,35088,0,1
1463,28311,35112,0,1
1464,28311,35136,0,1
1465,28311,35160,0,1
1466,28311,35184,0,1
1467,28311,35208,0,1
1468,28311,35232,0,1
1469,28311,35256,0,1
1470,28311,35280,0,1
1471,28311,35304,0,1
1472,28311,35328,0,1
1473,28311,35352,0,1
1474,28311,35376,0,1
1475,28311,35400,0,1
1476,28311,35424,0,1
1477,28311,35448,0,1
1478,28311,35472,0,1
1479,28311,35496,0,1
1480,28311,35520,0,1
1481,28311,35544,0,1
1482,28311,35568,0,1
1483,28311,35592,0,1
1484,28311,35616,0,1
1485,28311,35640,0,1
1486,28311,35664,0,1
1487,28311,35688,0,1
1488,28311,35712,0,1
1489,28311,35736,0,1
1490,28311,35760,0,1
1491,28311,35784,0,1
1492,28311,35808,0,1
1493,28311,35832,0,1
1494,28311,35856,0,1
1495,28311,35880,0,1
1496,28311,35904,0,1
1497,28311,35928,0,1
1498,28311,35952,0,1
1499,28311,35976,0,1
1500,28311,36000,0,1
1501,28311,36024,0,1
1502,28311,36048,0,1
1503,28311,36072,0,1
1504,28311,36096,0,1
1505,28311,36120,0,1
1506,28311,36144,0,1
1507,28311,36168,0,1
1508,28311,36192,0,1
1509,28311,36216,0,1
1510,28311,36240,0,1
1511,28311,36264,0,1
1512,28311,36288,0,1
1513,28311,36312,0,1
1514,28311,36336,0,1
1515,28311,36360,0,1
1516,28311,36384,0,1
1517,28311,36408,0,1
1518,28311,36432,0,1
1519,28311,36456,0,1
1520,28311,36480,0,1
1521,28311,36504,0,1
1522,28311,36528,0,1
1523,28311,36552,0,1
1524,28311,36576,0,1
1525,28311,36600,0,1
1526,28311,36624,0,1
1527,28311,36648,0,1
1528,28311,36672,0,1
1529,28311,36696,0,1
1530,28311,36720,0,1
1531,28311,36744,0,1
1532,28311,36768,0,1
1533,28311,36792,0,1
1534,28311,36816,0,1
1535,28311,36840,0,1
1536,28311,36864,0,1
1537,28311,36888,0,1
1538,28311,36912,0,1
1539,28311,36936,0,1
1540,28311,36960,0,1
1541,28311,36984,0,1
1542,28311,37008,0,1
1543,28311,37032,0,1
1544,28311,37056,0,1
1545,28311,37080,0,1
1546,28311,37104,0,1
1547,28311,37128,0,1
1548,28311,37152,0,1
1549,28311,37176,0,1
1550,28311,37200,0,1
1551,28311,37224,0,1
1552,28311,37248,0,1
1553,28311,37272,0,1
1554,28311,37296,0,1
1555,28311,37320,0,1
1556,28311,37344,0,1
1557,28311,37368,0,1
1558,28311,37392,0,1
1559,28311,37416,0,1
1560,28311,37440,0,1
1561,28311,37464,0,1
1562,28311,37488,0,1
1563,28311,37512,0,1
1564,28311,37536,0,1
1565,28311,37560,0,1
1566,28311,37584,0,1
1567,28311,37608,0,1
1568,28311,37632,0,1
1569,28311,37656,0,1
1570,28311,37680,0,1
1571,28311,37704,0,1
1572,28311,37728,0,1
1573,28311,37752,0,1
1574,28311,37776,0,1
1575,28311,37800,0,1
1576,28311,37824,0,1
1577,28311,37848,0,1
1578,28311,37872,0,1
1579,28311,37896,0,1
1580,28311,37920,0,1
1581,28311,37944,0,1
1582,28311,37968,0,1
1583,28311,37992,0,1
1584,28311,38016,0,1
1585,28311,38040,0,1
1586,28311,38064,0,1
1587,28311,38088,0,1
1588,28311,38112,0,1
1589,28311,38136,0,1
1590,28311,38160,0,1
1591,28311,38184,0,1
1592,28311,38208,0,1
1593,28311,38232,0,1
1594,28311,38256,0,1
1595,28311,38280,0,1
1596,28311,38304,0,1
1597,28311,38328,0,1
1598,28311,38352,0,1
1599,28311,38376,0,1
1600,28311,38400,0,1
1601,28311,38424,0,1
1602,28311,38448,0,1
1603,28311,38472,0,1
1604,28311,38496,0,1
1605,28311,38520,0,1
1606,28311,38544,1,0
1607,28311,38568,1,0
1608,28311,38592,1,0
1609,28311,38616,1,0
1610,28311,38640,1,0
1611,28311,38664,1,0
1612,28311,38688,1,0
1613,28311,38712,1,0
1614,28311,38736,0,1
1615,28311,38760,0,1
1616,28311,38784,0,1
1617,28311,38808,0,1
1618,28311,38832,0,1
1619,28311,38856,0,1
1620,28311,38880,0,1
1621,28311,38904,0,1
1622,28311,38928,0,1
1623,28311,38952,0,1
1624,28311,38976,0,1
1625,28311,39000,0,1
1626,28311,39024,0,1
1627,28311,39048,0,1
1628,28311,39072,0,1
1629,28311,39096,0,1
1630,28311,39120,0,1
1631,28311,39144,0,1
1632,28311,39168,0,1
1633,28311,39192,0,1
1634,28311,39216,0,1
1635,28311,39240,0,1
1636,28311,39264,0,1
1637,28311,39288,0,1
1638,28311,39312,0,1
1639,28311,39336,0,1
1640,28311,39360,0,1
1641,28311,39384,0,1
1642,28311,39408,0,1
1643,28311,39432,0,1
1644,28311,39456,0,1
1645,28311,39480,0,1
1646,28311,39504,0,1
1647,28311,39528,0,1
1648,28311,39552,0,1
1649,28311,39576,0,1
1650,28311,39600,0,1
1651,28311,39624,0,1
1652,28311,39648,0,1
1653,28311,39672,0,1
1654,28311,39696,0,1
1655,28311,39720,0,1
1656,28311,39744,0,1
1657,28311,39768,0,1
1658,28311,39792,0,1
1659,28311,39816,0,1
1660,28311,39840,0,1
1661,28311,39864,0,1
1662,28311,39888,0,1
1663,28311,39912,0,1
1664,28311,39936,0,1
1665,28311,39960,0,1
1666,28311,39984,0,1
1667,28311,40008,0,1
1668,28311,40032,0,1
1669,28311,40056,0,1
1670,28311,40080,0,1
1671,28311,40104,0,1
1672,28311,40128,0,1
1673,28311,40152,0,1
1674,28311,40176,0,1
1675,28311,40200,0,1
1676,28311,40224,0,1
1677,28311,40248,0,1
1678,28311,40272,0,1
1679,28311,40296,0,1
1680,28311,40320,0,1
1681,28311,40344,0,1
1682,28311,40368,0,1
1683,28311,40392,0,1
1684,28311,40416,0,1
1685,28311,40440,0,1
1686,28311,40464,0,1
1687,28311,40488,0,1
1688,28311,40512,0,1
1689,28311,40536,0,1
1690,28311,40560,0,1
1691,28311,40584,0,1
1692,28311,40608,0,1
1693,28311,40632,0,1
1694,28311,40656,0,1
1695,28311,40680,0,1
1696,28311,40704,0,1
1697,28311,40728,0,1
1698,28311,40752,0,1
1699,28311,40776,0,1
1700,28311,40800,0,1
1701,28311,40824,0,1
1702,28311,40848,0,1
1703,28311,40872,0,1
1704,28311,40896,0,1
1705,28311,40920,0,1
1706,28311,40944,0,1
1707,28311,40968,0,1
1708,28311,40992,0,1
1709,28311,41016,0,1
1710,28311,41040,0,1
1711,28311,41064,0,1
1712,28311,41088,0,1
1713,28311,41112,0,1
1714,28311,41136,0,1
1715,28311,41160,0,1
1716,28311,41184,0,1
1717,28311,41208,0,1
1718,28311,41232,0,1
1719,28311,41256,0,1
1720,28311,41280,0,1
1721,28311,41304,0,1
1722,28311,41328,0,1
1723,28311,41352,0,1
1724,28311,41376,0,1
1725,28311,41400,0,1
1726,28311,41424,0,1
1727,28311,41448,0,1
1728,28311,41472,0,1
1729,28311,41496,0,1
1730,28311,41520,0,1
1731,28311,41544,0,1
1732,28311,41568,0,1
1733,28311,41592,0,1
1734,28311,41616,0,1
1735,28311,41640,0,1
1736,28311,41664,0,1
1737,28311,41688,0,1
1738,28311,41712,0,1
1739,28311,41736,0,1
1740,28311,41760,0,1
1741,28311,41784,0,1
1742,28311,41808,0,1
1743,28311,41832,0,1
1744,28311,41856,0,1
1745,28311,41880,0,1
1746,28311,41904,0,1
1747,28311,41928,0,1
1748,28311,41952,0,1
1749,28311,41976,0,1
1750,28311,42000,0,1
1751,28311,42024,0,1
1752,28311,42048,0,1
1753,28311,42072,0,1
1754,28311,42096,0,1
1755,28311,42120,0,1
1756,28311,42144,0,1
1757,28311,42168,0,1
1758,28311,42192,0,1
1759,28311,42216,0,1
1760,28311,42240,0,1
1761,28311,42264,0,1
1762,28311,42288,0,1
1763,28311,42312,0,1
1764,28311,42336,0,1
1765,28311,42360,0,1
1766,28311,42384,0,1
1767,28311,42408,0,1
1768,28311,42432,0,1
1769,28311,42456,0,1
1770,28311,42480,0,1
1771,28311,42504,0,1
1772,28311,42528,0,1
1773,28311,42552,0,1
1774,28311,42576,0,1
1775,28311,42600,0,1
1776,28311,42624,0,1
1777,28311,42648,0,1
1778,28311,42672,0,1
1779,28311,42696,0,1
1780,28311,42720,0,1
1781,28311,42744,0,1
1782,28311,42768,0,1
1783,28311,42792,0,1
1784,28311,42816,0,1
1785,28311,42840,0,1
1786,28311,42864,0,1
1787,28311,42888,0,1
1788,28311,42912,0,1
1789,28311,42936,0,1
1790,28311,42960,0,1
1791,28311,42984,0,1
1792,28311,43008,0,1
1793,28311,43032,0,1
1794,28311,43056,0,1
1795,28311,43080,0,1
1796,28311,43104,0,1
1797,28311,43128,0,1
1798,28311,43152,0,1
1799,28311,43176,0,1
1800,28311,43200,0,1
1801,28311,43224,0,1
1802,28311,43248,0,1
1803,28311,43272,0,1
1804,28311,43296,0,1
1805,28311,43320,0,1
1806,28311,43344,0,1
1807,28311,43368,0,1
1808,28311,43392,0,1
1809,28311,43416,0,1
1810,28311,43440,0,1
1811,28311,43464,0,1
1812,28311,43488,0,1
1813,28311,43512,0,1
1814,28311,43536,0,1
1815,28311,43560,0,1
1816,28311,43584,0,1
1817,28311,43608,0,1
1818,28311,43632,0,1
1819,28311,43656,0,1
1820,28311,43680,0,1
1821,28311,43704,0,1
1822,28311,43728,0,1
1823,28311,43752,0,1
1824,28311,43776,0,1
1825,28311,43800,0,1
1826,28311,43824,0,1
1827,28311,43848,0,1
1828,28311,43872,0,1
1829,28311,43896,0,1
1830,28311,43920,0,1
1831,28311,43944,0,1
1832,28311,43968,0,1
1833,28311,43992,0,1
1834,28311,44016,0,1
1835,28311,44040,0,1
1836,28311,44064,0,1
1837,28311,44088,0,1
1838,28311,44112,0,1
1839,28311,44136,0,1
1840,28311,44160,0,1
1841,28311,44184,0,1
1842,28311,44208,0,1
1843,28311,44232,0,1
1844,28311,44256,0,1
1845,28311,44280,0,1
1846,28311,44304,0,1
1847,28311,44328,0,1
1848,28311,44352,0,1
1849,28311,44376,0,1
1850,28311,44400,0,1
1851,28311,44424,0,1
1852,28311,44448,0,1
1853,28311,44472,0,1
1854,28311,44496,0,1
1855,28311,44520,0,1
1856,28311,44544,0,1
1857,28311,44568,0,1
1858,28311,44592,0,1
1859,28311,44616,0,1
1860,28311,44640,0,1
1861,28311,44664,0,1
1862,28311,44688,0,1
1863,28311,44712,0,1
1864,28311,44736,0,1
1865,28311,44760,0,1
1866,28311,44784,0,1
1867,28311,44808,0,1
1868,28311,44832,0,1
1869,28311,44856,0,1
1870,28311,44880,0,1
1871,28311,44904,0,1
1872,28311,44928,0,1
1873,28311,44952,0,1
1874,28311,44976,0,1
1875,28311,45000,1,0
1876,28311,45024,0,1
1877,28311,45048,0,1
1878,28311,45072,0,1
1879,28311,45096,0,1
1880,28311,45120,0,1
1881,28311,45144,0,1
1882,28311,45168,0,1
1883,28311,45192,0,1
1884,28311,45216,0,1
1885,28311,45240,0,1
1886,28311,45264,0,1
1887,28311,45288,0,1
1888,28311,45312,0,1
1889,28311,45336,0,1
1890,28311,45360,0,1
1891,28311,45384,0,1
1892,28311,45408,0,1
1893,28311,45432,0,1
1894,28311,45456,0,1
1895,28311,45480,0,1
1896,28311,45504,0,1
1897,28311,45528,0,1
1898,28311,45552,0,1
1899,28311,45576,0,1
1900,28311,45600,0,1
1901,28311,45624,0,1
1902,28311,45648,0,1
1903,28311,45672,0,1
1904,28311,45696,0,1
1905,28311,45720,0,1
1906,28311,45744,0,1
1907,28311,45768,0,1
1908,28311,45792,0,1
1909,28311,45816,0,1
1910,28311,45840,0,1
1911,28311,45864,0,1
1912,28311,45888,0,1
1913,28311,45912,0,1
1914,28311,45936,0,1
1915,28311,45960,0,1
1916,28311,45984,0,1
1917,28311,46008,0,1
1918,28311,46032,0,1
1919,28311,46056,0,1
1920,28311,46080,0,1
1921,28311,46104,0,1
1922,28311,46128,0,1
1923,28311,46152,0,1
1924,28311,46176,0,1
1925,28311,46200,0,1
1926,28311,46224,0,1
1927,28311,46248,0,1
1928,28311,46272,0,1
1929,28311,46296,0,1
1930,28311,46320,0,1
1931,28311,46344,0,1
1932,28311,46368,0,1
1933,28311,46392,0,1
1934,28311,46416,0,1
1935,28311,46440,0,1
1936,28311,46464,0,1
1937,28311,46488,0,1
1938,28311,46512,0,1
1939,28311,46536,0,1
1940,28311,46560,0,1
1941,28311,46584,0,1
1942,28311,46608,0,1
1943,28311,46632,0,1
1944,28311,46656,0,1
1945,28311,46680,0,1
1946,28311,46704,0,1
1947,28311,46728,0,1
1948,28311,46752,0,1
1949,28311,46776,0,1
1950,28311,46800,0,1
1951,28311,46824,0,1
1952,28311,46848,0,1
1953,28311,46872,0,1
1954,28311,46896,0,1
1955,28311,46920,0,1
1956,28311,46944,0,1
1957,28311,46968,0,1
1958,28311,46992,0,1
1959,28311,47016,0,1
1960,28311,47040,0,1
1961,28311,47064,0,1
1962,28311,47088,0,1
1963,28311,47112,0,1
1964,28311,47136,0,1
1965,28311,47160,0,1
1966,28311,47184,0,1
1967,28311,47208,0,1
1968,28311,47232,0,1
1969,28311,47256,0,1
1970,28311,47280,0,1
1971,28311,47304,0,1
1972,28311,47328,0,1
1973,28311,47352,0,1
1974,28311,47376,0,1
1975,28311,47400,0,1
1976,28311,47424,0,1
1977,28311,47448,0,1
1978,28311,47472,0,1
1979,28311,47496,0,1
1980,28311,47520,0,1
1981,28311,47544,0,1
1982,28311,47568,0,1
1983,28311,47592,0,1
1984,28311,47616,0,1
1985,28311,47640,0,1
1986,28311,47664,0,1
1987,28311,47688,0,1
1988,28311,47712,0,1
1989,28311,47736,0,1
1990,28311,47760,0,1
1991,28311,47784,0,1
1992,28311,47808,0,1
1993,28311,47832,0,1
1994,28311,47856,0,1
1995,28311,47880,0,1
1996,28311,47904,0,1
1997,28311,47928,0,1
1998,28311,47952,0,1
1999,28311,47976,0,1
2000,28311,48000,0,1
2001,28311,48024,0,1
2002,28311,48048,0,1
2003,28311,48072,0,1
2004,28311,48096,0,1
2005,28311,48120,0,1
2006,28311,48144,0,1
2007,28311,48168,0,1
2008,28311,48192,0,1
2009,28311,48216,0,1
2010,28311,48240,0,1
2011,28311,48264,0,1
2012,28311,48288,0,1
2013,28311,48312,0,1
2014,28311,48336,0,1
2015,28311,48360,0,1
2016,28311,48384,0,1
2017,28311,48408,0,1
2018,28311,48432,0,1
2019,28311,48456,0,1
2020,28311,48480,0,1
2021,28311,48504,0,1
2022,28311,48528,0,1
2023,28311,48552,0,1
2024,28311,48576,0,1
2025,28311,48600,0,1
2026,28311,48624,0,1
2027,28311,48648,0,1
2028,28311,48672,0,1
2029,28311,48696,0,1
2030,28311,48720,0,1
2031,28311,48744,0,1
2032,28311,48768,0,1
2033,28311,48792,0,1
2034,28311,48816,0,1
2035,28311,48840,0,1
2036,28311,48864,0,1
2037,28311,48888,0,1
2038,28311,48912,0,1
2039,28311,48936,0,1
2040,28311,48960,0,1
2041,28311,48984,0,1
2042,28311,49008,0,1
2043,28311,49032,1,0
2044,28311,49056,1,0
2045,28311,49080,1,0
2046,28311,49104,1,0
2047,28311,49128,1,0
2048,28311,49152,1,0
2049,28311,49176,1,0
2050,28311,49200,1,0
2051,28311,49224,1,0
2052,28311,49248,1,0
2053,28311,49272,1,0
2054,28311,49296,1,0
2055,28311,49320,1,0
2056,28311,49344,1,0
2057,28311,49368,1,0
2058,28311,49392,1,0
2059,28311,49416,1,0
2060,28311,49440,1,0
2061,28311,49464,1,0
2062,28311,49488,1,0
2063,28311,49512,1,0
2064,28311,49536,1,0
2065,28311,49560,1,0
2066,28311,49584,1,0
2067,28311,49608,1,0
2068,28311,49632,1,0
2069,28311,49656,1,0
2070,28311,49680,1,0
2071,28311,49704,1,0
2072,28311,49728,1,0
2073,28311,49752,1,0
2074,28311,49776,0,1
2075,28311,49800,0,1
2076,28311,49824,0,1
2077,28311,49848,0,1
2078,28311,49872,0,1
2079,28311,49896,0,1
2080,28311,49920,0,1
2081,28311,49944,0,1
2082,28311,49968,0,1
2083,28311,49992,0,1
2084,28311,50016,0,1
2085,28311,50040,0,1
2086,28311,50064,0,1
2087,28311,50088,0,1
2088,28311,50112,0,1
2089,28311,50136,0,1
2090,28311,50160,0,1
2091,28311,50184,0,1
2092,28311,50208,0,1
2093,28311,50232,0,1
2094,28311,50256,0,1
2095,28311,50280,0,1
2096,28311,50304,0,1
2097,28311,50328,0,1
2098,28311,50352,0,1
2099,28311,50376,0,1
2100,28311,50400,0,1
2101,28311,50424,0,1
2102,28311,50448,0,1
2103,28311,50472,0,1
2104,28311,50496,0,1
2105,28311,50520,0,1
2106,28311,50544,0,1
2107,28311,50568,0,1
2108,28311,50592,0,1
2109,28311,50616,0,1
2110,28311,50640,0,1
2111,28311,50664,1,0
2112,28311,50688,0,1
2113,28311,50712,0,1
2114,28311,50736,0,1
2115,28311,50760,0,1
2116,28311,50784,0,1
2117,28311,50808,0,1
2118,28311,50832,0,1
2119,28311,50856,0,1
2120,28311,50880,0,1
2121,28311,50904,0,1
2122,28311,50928,0,1
2123,28311,50952,0,1
2124,28311,50976,0,1
2125,28311,51000,0,1
2126,28311,51024,0,1
2127,28311,51048,0,1
2128,28311,51072,0,1
2129,28311,51096,0,1
2130,28311,51120,0,1
2131,28311,51144,0,1
2132,28311,51168,0,1
2133,28311,51192,0,1
2134,28311,51216,0,1
2135,28311,51240,0,1
2136,28311,51264,0,1
2137,28311,51288,0,1
2138,28311,51312,0,1
2139,28311,51336,0,1
2140,28311,51360,0,1
2141,28311,51384,0,1
2142,28311,51408,0,1
2143,28311,51432,0,1
2144,28311,51456,0,1
2145,28311,51480,1,0
2146,28311,51504,0,1
2147,28311,51528,0,1
2148,28311,51552,0,1
2149,28311,51576,0,1
2150,28311,51600,0,1
2151,28311,51624,0,1
2152,28311,51648,0,1
2153,28311,51672,0,1
2154,28311,51696,0,1
2155,28311,51720,0,1
2156,28311,51744,0,1
2157,28311,51768,0,1
2158,28311,51792,0,1
2159,28311,51816,0,1
2160,28311,51840,0,1
2161,28311,51864,0,1
2162,28311,51888,0,1
2163,28311,51912,0,1
2164,28311,51936,0,1
2165,28311,51960,0,1
2166,28311,51984,0,1
2167,28311,52008,0,1
2168,28311,52032,0,1
2169,28311,52056,0,1
2170,28311,52080,0,1
2171,28311,52104,0,1
2172,28311,52128,0,1
2173,28311,52152,0,1
2174,28311,52176,0,1
2175,28311,52200,0,1
2176,28311,52224,0,1
2177,28311,52248,0,1
2178,28311,52272,0,1
2179,28311,52296,0,1
2180,28311,52320,0,1
2181,28311,52344,0,1
2182,28311,52368,0,1
2183,28311,52392,0,1
2184,28311,52416,0,1
2185,28311,52440,0,1
2186,28311,52464,0,1
2187,28311,52488,0,1
2188,28311,52512,0,1
2189,28311,52536,1,0
2190,28311,52560,0,1
2191,28311,52584,0,1
2192,28311,52608,0,1
2193,28311,52632,1,0
2194,28311,52656,0,1
2195,28311,52680,0,1
2196,28311,52704,1,0
2197,28311,52728,1,0
2198,28311,52752,1,0
2199,28311,52776,1,0
2200,28311,52800,1,0
2201,28311,52824,1,0
2202,28311,52848,0,1
2203,28311,52872,1,0
2204,28311,52896,1,0
2205,28311,52920,1,0
2206,28311,52944,1,0
2207,28311,52968,1,0
2208,28311,52992,1,0
2209,28311,53016,1,0
2210,28311,53040,1,0
2211,28311,53064,1,0
2212,28311,53088,1,0
2213,28311,53112,1,0
2214,28311,53136,1,0
2215,28311,53160,1,0
2216,28311,53184,1,0
2217,28311,53208,1,0
2218,28311,53232,1,0
2219,28311,53256,1,0
2220,28311,53280,1,0
2221,28311,53304,1,0
2222,28311,53328,1,0
2223,28311,53352,1,0
2224,28311,53376,1,0
2225,28311,53400,1,0
2226,28311,53424,1,0
2227,28311,53448,0,1
2228,28311,53472,0,1
2229,28311,53496,0,1
2230,28311,53520,0,1
2231,28311,53544,0,1
2232,28311,53568,0,1
2233,28311,53592,0,1
2234,28311,53616,0,1
2235,28311,53640,0,1
2236,28311,53664,1,0
2237,28311,53688,1,0
2238,28311,53712,1,0
2239,28311,53736,1,0
2240,28311,53760,0,1
2241,28311,53784,0,1
2242,28311,53808,0,1
2243,28311,53832,0,1
2244,28311,53856,0,1
2245,28311,53880,0,1
2246,28311,53904,0,1
2247,28311,53928,0,1
2248,28311,53952,0,1
2249,28311,53976,0,1
2250,28311,54000,0,1
2251,28311,54024,0,1
2252,28311,54048,0,1
2253,28311,54072,0,1
2254,28311,54096,1,0
2255,28311,54120,1,0
2256,28311,54144,1,0
2257,28311,54168,0,1
2258,28311,54192,0,1
2259,28311,54216,0,1
2260,28311,54240,0,1
2261,28311,54264,0,1
2262,28311,54288,0,1
2263,28311,54312,1,0
2264,28311,54336,1,0
2265,28311,54360,1,0
2266,28311,54384,0,1
2267,28311,54408,0,1
2268,28311,54432,0,1
2269,28311,54456,0,1
2270,28311,54480,0,1
2271,28311,54504,0,1
2272,28311,54528,0,1
2273,28311,54552,0,1
2274,28311,54576,0,1
2275,28311,54600,0,1
2276,28311,54624,0,1
2277,28311,54648,0,1
2278,28311,54672,0,1
2279,28311,54696,0,1
2280,28311,54720,1,0
2281,28311,54744,1,0
2282,28311,54768,1,0
2283,28311,54792,1,0
2284,28311,54816,0,1
2285,28311,54840,0,1
2286,28311,54864,0,1
2287,28311,54888,0,1
2288,28311,54912,0,1
2289,28311,54936,0,1
2290,28311,54960,0,1
2291,28311,54984,0,1
2292,28311,55008,0,1
2293,28311,55032,0,1
2294,28311,55056,0,1
2295,28311,55080,0,1
2296,28311,55104,0,1
2297,28311,55128,0,1
2298,28311,55152,1,0
2299,28311,55176,1,0
2300,28311,55200,1,0
2301,28311,55224,1,0
2302,28311,55248,1,0
2303,28311,55272,0,1
2304,28311,55296,0,1
2305,28311,55320,0,1
2306,28311,55344,0,1
2307,28311,55368,0,1
2308,28311,55392,0,1
2309,28311,55416,1,0
2310,28311,55440,1,0
2311,28311,55464,1,0
2312,28311,55488,1,0
2313,28311,55512,1,0
2314,28311,55536,1,0
2315,28311,55560,1,0
2316,28311,55584,1,0
2317,28311,55608,1,0
2318,28311,55632,1,0
2319,28311,55656,0,1
2320,28311,55680,0,1
2321,28311,55704,0,1
2322,28311,55728,0,1
2323,28311,55752,0,1
2324,28311,55776,0,1
2325,28311,55800,0,1
2326,28311,55824,0,1
2327,28311,55848,0,1
2328,28311,55872,0,1
2329,28311,55896,0,1
2330,28311,55920,0,1
2331,28311,55944,1,0
2332,28311,55968,0,1
2333,28311,55992,1,0
2334,28311,56016,1,0
2335,28311,56040,0,1
2336,28311,56064,0,1
2337,28311,56088,0,1
2338,28311,56112,0,1
2339,28311,56136,0,1
2340,28311,56160,0,1
2341,28311,56184,1,0
2342,28311,56208,0,1
2343,28311,56232,0,1
2344,28311,56256,0,1
2345,28311,56280,0,1
2346,28311,56304,0,1
2347,28311,56328,0,1
2348,28311,56352,0,1
2349,28311,56376,0,1
2350,28311,56400,0,1
2351,28311,56424,0,1
2352,28311,56448,0,1
2353,28311,56472,0,1
2354,28311,56496,1,0
2355,28311,56520,0,1
2356,28311,56544,0,1
2357,28311,56568,1,0
2358,28311,56592,0,1
2359,28311,56616,0,1
2360,28311,56640,0,1
2361,28311,56664,0,1
2362,28311,56688,0,1
2363,28311,56712,0,1
2364,28311,56736,0,1
2365,28311,56760,0,1
2366,28311,56784,0,1
2367,28311,56808,0,1
2368,28311,56832,0,1
2369,28311,56856,0,1
2370,28311,56880,0,1
2371,28311,56904,0,1
2372,28311,56928,0,1
2373,28311,56952,0,1
2374,28311,56976,0,1
2375,28311,57000,0,1
2376,28311,57024,0,1
2377,28311,57048,0,1
2378,28311,57072,0,1
2379,28311,57096,0,1
2380,28311,57120,0,1
2381,28311,57144,0,1
2382,28311,57168,0,1
2383,28311,57192,0,1
2384,28311,57216,0,1
2385,28311,57240,0,1
2386,28311,57264,0,1
2387,28311,57288,0,1
2388,28311,57312,0,1
2389,28311,57336,0,1
2390,28311,57360,0,1
2391,28311,57384,0,1
2392,28311,57408,0,1
2393,28311,57432,0,1
2394,28311,57456,0,1
2395,28311,57480,0,1
2396,28311,57504,0,1
2397,28311,57528,0,1
2398,28311,57552,0,1
2399,28311,57576,0,1
2400,28311,57600,0,1
2401,28311,57624,0,1
2402,28311,57648,0,1
2403,28311,57672,0,1
2404,28311,57696,0,1
2405,28311,57720,0,1
2406,28311,57744,0,1
2407,28311,57768,0,1
2408,28311,57792,0,1
2409,28311,57816,0,1
2410,28311,57840,0,1
2411,28311,57864,0,1
2412,28311,57888,0,1
2413,28311,57912,0,1
2414,28311,57936,0,1
2415,28311,57960,0,1
2416,28311,57984,0,1
2417,28311,58008,0,1
2418,28311,58032,0,1
2419,28311,58056,0,1
2420,28311,58080,0,1
2421,28311,58104,0,1
2422,28311,58128,0,1
2423,28311,58152,0,1
2424,28311,58176,0,1
2425,28311,58200,0,1
2426,28311,58224,0,1
2427,28311,58248,0,1
2428,28311,58272,0,1
2429,28311,58296,0,1
2430,28311,58320,0,1
2431,28311,58344,0,1
2432,28311,58368,0,1
2433,28311,58392,0,1
2434,28311,58416,0,1
2435,28311,58440,0,1
2436,28311,58464,0,1
2437,28311,58488,0,1
2438,28311,58512,0,1
2439,28311,58536,0,1
2440,28311,58560,0,1
2441,28311,58584,0,1
2442,28311,58608,0,1
2443,28311,58632,0,1
2444,28311,58656,0,1
2445,28311,58680,0,1
2446,28311,58704,0,1
2447,28311,58728,0,1
2448,28311,58752,0,1
2449,28311,58776,0,1
2450,28311,58800,0,1
2451,28311,58824,0,1
2452,28311,58848,0,1
2453,28311,58872,0,1
2454,28311,58896,0,1
2455,28311,58920,0,1
2456,28311,58944,0,1
2457,28311,58968,0,1
2458,28311,58992,0,1
2459,28311,59016,0,1
2460,28311,59040,0,1
2461,28311,59064,0,1
2462,28311,59088,0,1
2463,28311,59112,0,1
2464,28311,59136,0,1
2465,28311,59160,0,1
2466,28311,59184,0,1
2467,28311,59208,0,1
2468,28311,59232,0,1
2469,28311,59256,0,1
2470,28311,59280,0,1
2471,28311,59304,0,1
2472,28311,59328,0,1
2473,28311,59352,0,1
2474,28311,59376,0,1
2475,28311,59400,0,1
2476,28311,59424,0,1
2477,28311,59448,0,1
2478,28311,59472,0,1
2479,28311,59496,0,1
2480,28311,59520,0,1
2481,28311,59544,0,1
2482,28311,59568,0,1
2483,28311,59592,0,1
2484,28311,59616,0,1
2485,28311,59640,0,1
2486,28311,59664,0,1
2487,28311,59688,0,1
2488,28311,59712,0,1
2489,28311,59736,0,1
2490,28311,59760,0,1
2491,28311,59784,0,1
2492,28311,59808,0,1
2493,28311,59832,0,1
2494,28311,59856,0,1
2495,28311,59880,0,1
2496,28311,59904,0,1
2497,28311,59928,0,1
2498,28311,59952,0,1
2499,28311,59976,0,1
2500,28311,60000,0,1
2501,28311,60024,0,1
2502,28311,60048,0,1
2503,28311,60072,0,1
2504,28311,60096,0,1
2505,28311,60120,0,1
2506,28311,60144,0,1
2507,28311,60168,0,1
2508,28311,60192,0,1
2509,28311,60216,0,1
2510,28311,60240,0,1
2511,28311,60264,0,1
2512,28311,60288,1,0
2513,28311,60312,1,0
2514,28311,60336,1,0
2515,28311,60360,1,0
2516,28311,60384,1,0
2517,28311,60408,1,0
2518,28311,60432,1,0
2519,28311,60456,0,1
2520,28311,60480,0,1
2521,28311,60504,0,1
2522,28311,60528,1,0
2523,28311,60552,1,0
2524,28311,60576,1,0
2525,28311,60600,0,1
2526,28311,60624,0,1
2527,28311,60648,0,1
2528,28311,60672,1,0
2529,28311,60696,1,0
2530,28311,60720,1,0
2531,28311,60744,1,0
2532,28311,60768,1,0
2533,28311,60792,1,0
2534,28311,60816,1,0
2535,28311,60840,1,0
2536,28311,60864,1,0
2537,28311,60888,1,0
2538,28311,60912,1,0
2539,28311,60936,1,0
2540,28311,60960,1,0
2541,28311,60984,1,0
2542,28311,61008,1,0
2543,28311,61032,1,0
2544,28311,61056,1,0
2545,28311,61080,1,0
2546,28311,61104,1,0
2547,28311,61128,1,0
2548,28311,61152,1,0
2549,28311,61176,1,0
2550,28311,61200,1,0
2551,28311,61224,1,0
2552,28311,61248,1,0
2553,28311,61272,1,0
2554,28311,61296,1,0
2555,28311,61320,0,1
2556,28311,61344,0,1
2557,28311,61368,0,1
2558,28311,61392,0,1
2559,28311,61416,0,1
2560,28311,61440,0,1
2561,28311,61464,0,1
2562,28311,61488,0,1
2563,28311,61512,0,1
2564,28311,61536,1,0
2565,28311,61560,1,0
2566,28311,61584,1,0
2567,28311,61608,1,0
2568,28311,61632,1,0
2569,28311,61656,1,0
2570,28311,61680,1,0
2571,28311,61704,1,0
2572,28311,61728,1,0
2573,28311,61752,1,0
2574,28311,61776,1,0
2575,28311,61800,1,0
2576,28311,61824,1,0
2577,28311,61848,1,0
2578,28311,61872,1,0
2579,28311,61896,1,0
2580,28311,61920,1,0
2581,28311,61944,1,0
2582,28311,61968,1,0
2583,28311,61992,1,0
2584,28311,62016,1,0
2585,28311,62040,1,0
2586,28311,62064,1,0
2587,28311,62088,1,0
2588,28311,62112,0,1
2589,28311,62136,0,1
2590,28311,62160,1,0
2591,28311,62184,1,0
2592,28311,62208,1,0
2593,28311,62232,1,0
2594,28311,62256,1,0
2595,28311,62280,1,0
2596,28311,62304,1,0
2597,28311,62328,1,0
2598,28311,62352,1,0
2599,28311,62376,1,0
2600,28311,62400,1,0
2601,28311,62424,1,0
2602,28311,62448,1,0
2603,28311,62472,1,0
2604,28311,62496,1,0
2605,28311,62520,1,0
2606,28311,62544,1,0
2607,28311,62568,1,0
2608,28311,62592,1,0
2609,28311,62616,1,0
2610,28311,62640,1,0
2611,28311,62664,1,0
2612,28311,62688,1,0
2613,28311,62712,1,0
2614,28311,62736,1,0
2615,28311,62760,1,0
2616,28311,62784,1,0
2617,28311,62808,1,0
2618,28311,62832,1,0
2619,28311,62856,1,0
2620,28311,62880,1,0
2621,28311,62904,1,0
2622,28311,62928,1,0
2623,28311,62952,1,0
2624,28311,62976,1,0
2625,28311,63000,1,0
2626,28311,63024,1,0
2627,28311,63048,1,0
2628,28311,63072,1,0
2629,28311,63096,1,0
2630,28311,63120,1,0
2631,28311,63144,1,0
2632,28311,63168,1,0
2633,28311,63192,1,0
2634,28311,63216,1,0
2635,28311,63240,1,0
2636,28311,63264,1,0
2637,28311,63288,1,0
2638,28311,63312,1,0
2639,28311,63336,1,0
2640,28311,63360,1,0
2641,28311,63384,1,0
2642,28311,63408,1,0
2643,28311,63432,1,0
2644,28311,63456,1,0
2645,28311,63480,1,0
2646,28311,63504,1,0
2647,28311,63528,1,0
2648,28311,63552,1,0
2649,28311,63576,1,0
2650,28311,63600,1,0
2651,28311,63624,1,0
2652,28311,63648,1,0
2653,28311,63672,1,0
2654,28311,63696,1,0
2655,28311,63720,1,0
2656,28311,63744,0,1
2657,28311,63768,0,1
2658,28311,63792,0,1
2659,28311,63816,0,1
2660,28311,63840,0,1
2661,28311,63864,0,1
2662,28311,63888,0,1
2663,28311,63912,0,1
2664,28311,63936,0,1
2665,28311,63960,0,1
2666,28311,63984,0,1
2667,28311,64008,0,1
2668,28311,64032,0,1
2669,28311,64056,0,1
2670,28311,64080,0,1
2671,28311,64104,0,1
2672,28311,64128,0,1
2673,28311,64152,0,1
2674,28311,64176,0,1
2675,28311,64200,0,1
2676,28311,64224,0,1
2677,28311,64248,0,1
2678,28311,64272,0,1
2679,28311,64296,0,1
2680,28311,64320,0,1
2681,28311,64344,0,1
2682,28311,64368,0,1
2683,28311,64392,0,1
2684,28311,64416,0,1
2685,28311,64440,0,1
2686,28311,64464,0,1
2687,28311,64488,0,1
2688,28311,64512,0,1
2689,28311,64536,0,1
2690,28311,64560,0,1
2691,28311,64584,0,1
2692,28311,64608,0,1
2693,28311,64632,0,1
2694,28311,64656,0,1
2695,28311,64680,0,1
2696,28311,64704,0,1
2697,28311,64728,0,1
2698,28311,64752,0,1
2699,28311,64776,0,1
2700,28311,64800,0,1
2701,28311,64824,0,1
2702,28311,64848,0,1
2703,28311,64872,0,1
2704,28311,64896,0,1
2705,28311,64920,0,1
2706,28311,64944,0,1
2707,28311,64968,0,1
2708,28311,64992,0,1
2709,28311,65016,0,1
2710,28311,65040,0,1
2711,28311,65064,0,1
2712,28311,65088,0,1
2713,28311,65112,0,1
2714,28311,65136,0,1
2715,28311,65160,0,1
2716,28311,65184,0,1
2717,28311,65208,0,1
2718,28311,65232,0,1
2719,28311,65256,0,1
2720,28311,65280,0,1
2721,28311,65304,0,1
2722,28311,65328,0,1
2723,28311,65352,0,1
2724,28311,65376,0,1
2725,28311,65400,0,1
2726,28311,65424,0,1
2727,28311,65448,0,1
2728,28311,65472,0,1
2729,28311,65496,0,1
2730,28311,65520,0,1
2731,28311,65544,0,1
2732,28311,65568,0,1
2733,28311,65592,0,1
2734,28311,65616,0,1
2735,28311,65640,0,1
2736,28311,65664,0,1
2737,28311,65688,0,1
2738,28311,65712,0,1
2739,28311,65736,0,1
2740,28311,65760,0,1
2741,28311,65784,0,1
2742,28311,65808,0,1
2743,28311,65832,0,1
2744,28311,65856,0,1
2745,28311,65880,0,1
2746,28311,65904,0,1
2747,28311,65928,0,1
2748,28311,65952,0,1
2749,28311,65976,0,1
2750,28311,66000,0,1
2751,28311,66024,0,1
2752,28311,66048,0,1
2753,28311,66072,0,1
2754,28311,66096,0,1
2755,28311,66120,0,1
2756,28311,66144,0,1
2757,28311,66168,0,1
2758,28311,66192,0,1
2759,28311,66216,0,1
2760,28311,66240,0,1
2761,28311,66264,0,1
2762,28311,66288,0,1
2763,28311,66312,0,1
2764,28311,66336,0,1
2765,28311,66360,0,1
2766,28311,66384,0,1
2767,28311,66408,0,1
2768,28311,66432,0,1
2769,28311,66456,0,1
2770,28311,66480,0,1
2771,28311,66504,0,1
2772,28311,66528,0,1
2773,28311,66552,0,1
2774,28311,66576,0,1
2775,28311,66600,0,1
2776,28311,66624,0,1
2777,28311,66648,0,1
2778,28311,66672,0,1
2779,28311,66696,0,1
2780,28311,66720,0,1
2781,28311,66744,0,1
2782,28311,66768,0,1
2783,28311,66792,0,1
2784,28311,66816,0,1
2785,28311,66840,0,1
2786,28311,66864,0,1
2787,28311,66888,0,1
2788,28311,66912,0,1
2789,28311,66936,0,1
2790,28311,66960,0,1
2791,28311,66984,0,1
2792,28311,67008,0,1
2793,28311,67032,0,1
2794,28311,67056,0,1
2795,28311,67080,0,1
2796,28311,67104,0,1
2797,28311,67128,0,1
2798,28311,67152,0,1
2799,28311,67176,0,1
2800,28311,67200,0,1
2801,28311,67224,0,1
2802,28311,67248,0,1
2803,28311,67272,0,1
2804,28311,67296,0,1
2805,28311,67320,0,1
2806,28311,67344,0,1
2807,28311,67368,0,1
2808,28311,67392,0,1
2809,28311,67416,0,1
2810,28311,67440,0,1
2811,28311,67464,0,1
2812,28311,67488,0,1
2813,28311,67512,0,1
2814,28311,67536,0,1
2815,28311,67560,0,1
2816,28311,67584,0,1
2817,28311,67608,0,1
2818,28311,67632,1,0
2819,28311,67656,1,0
2820,28311,67680,1,0
2821,28311,67704,1,0
2822,28311,67728,1,0
2823,28311,67752,1,0
2824,28311,67776,1,0
2825,28311,67800,1,0
2826,28311,67824,1,0
2827,28311,67848,1,0
2828,28311,67872,0,1
2829,28311,67896,0,1
2830,28311,67920,0,1
2831,28311,67944,0,1
2832,28311,67968,0,1
2833,28311,67992,0,1
2834,28311,68016,0,1
2835,28311,68040,0,1
2836,28311,68064,0,1
2837,28311,68088,0,1
2838,28311,68112,0,1
2839,28311,68136,0,1
2840,28311,68160,0,1
2841,28311,68184,0,1
2842,28311,68208,0,1
2843,28311,68232,0,1
2844,28311,68256,0,1
2845,28311,68280,0,1
2846,28311,68304,1,0
2847,28311,68328,0,1
2848,28311,68352,0,1
2849,28311,68376,0,1
2850,28311,68400,0,1
2851,28311,68424,0,1
2852,28311,68448,0,1
2853,28311,68472,0,1
2854,28311,68496,0,1
2855,28311,68520,0,1
2856,28311,68544,0,1
2857,28311,68568,1,0
2858,28311,68592,1,0
2859,28311,68616,1,0
2860,28311,68640,1,0
2861,28311,68664,1,0
2862,28311,68688,1,0
2863,28311,68712,1,0
2864,28311,68736,1,0
2865,28311,68760,0,1
2866,28311,68784,1,0
2867,28311,68808,1,0
2868,28311,68832,1,0
2869,28311,68856,1,0
2870,28311,68880,1,0
2871,28311,68904,1,0
2872,28311,68928,1,0
2873,28311,68952,1,0
2874,28311,68976,1,0
2875,28311,69000,1,0
2876,28311,69024,1,0
2877,28311,69048,0,1
2878,28311,69072,0,1
2879,28311,69096,0,1
2880,28311,69120,0,1
2881,28311,69144,0,1
2882,28311,69168,0,1
2883,28311,69192,1,0
2884,28311,69216,1,0
2885,28311,69240,1,0
2886,28311,69264,1,0
2887,28311,69288,1,0
2888,28311,69312,1,0
2889,28311,69336,1,0
2890,28311,69360,1,0
2891,28311,69384,1,0
2892,28311,69408,1,0
2893,28311,69432,1,0
2894,28311,69456,1,0
2895,28311,69480,0,1
2896,28311,69504,1,0
2897,28311,69528,1,0
2898,28311,69552,1,0
2899,28311,69576,0,1
2900,28311,69600,0,1
2901,28311,69624,0,1
2902,28311,69648,0,1
2903,28311,69672,1,0
2904,28311,69696,1,0
2905,28311,69720,1,0
2906,28311,69744,1,0
2907,28311,69768,1,0
2908,28311,69792,1,0
2909,28311,69816,0,1
2910,28311,69840,0,1
2911,28311,69864,0,1
2912,28311,69888,0,1
2913,28311,69912,0,1
2914,28311,69936,0,1
2915,28311,69960,0,1
2916,28311,69984,0,1
2917,28311,70008,0,1
2918,28311,70032,0,1
2919,28311,70056,0,1
2920,28311,70080,0,1
2921,28311,70104,0,1
2922,28311,70128,0,1
2923,28311,70152,0,1
2924,28311,70176,0,1
2925,28311,70200,0,1
2926,28311,70224,1,0
2927,28311,70248,1,0
2928,28311,70272,0,1
2929,28311,70296,0,1
2930,28311,70320,0,1
2931,28311,70344,0,1
2932,28311,70368,0,1
2933,28311,70392,0,1
2934,28311,70416,0,1
2935,28311,70440,1,0
2936,28311,70464,1,0
2937,28311,70488,1,0
2938,28311,70512,1,0
2939,28311,70536,0,1
2940,28311,70560,0,1
2941,28311,70584,0,1
2942,28311,70608,1,0
2943,28311,70632,1,0
2944,28311,70656,1,0
2945,28311,70680,1,0
2946,28311,70704,1,0
2947,28311,70728,1,0
2948,28311,70752,1,0
2949,28311,70776,1,0
2950,28311,70800,1,0
2951,28311,70824,1,0
2952,28311,70848,1,0
2953,28311,70872,1,0
2954,28311,70896,1,0
2955,28311,70920,1,0
2956,28311,70944,1,0
2957,28311,70968,1,0
2958,28311,70992,1,0
2959,28311,71016,1,0
2960,28311,71040,1,0
2961,28311,71064,1,0
2962,28311,71088,1,0
2963,28311,71112,1,0
2964,28311,71136,1,0
2965,28311,71160,1,0
2966,28311,71184,1,0
2967,28311,71208,1,0
2968,28311,71232,1,0
2969,28311,71256,1,0
2970,28311,71280,1,0
2971,28311,71304,1,0
2972,28311,71328,1,0
2973,28311,71352,0,1
2974,28311,71376,1,0
2975,28311,71400,1,0
2976,28311,71424,0,1
2977,28311,71448,1,0
2978,28311,71472,1,0
2979,28311,71496,1,0
2980,28311,71520,1,0
2981,28311,71544,1,0
2982,28311,71568,1,0
2983,28311,71592,1,0
2984,28311,71616,1,0
2985,28311,71640,1,0
2986,28311,71664,1,0
2987,28311,71688,1,0
2988,28311,71712,1,0
2989,28311,71736,1,0
2990,28311,71760,1,0
2991,28311,71784,1,0
2992,28311,71808,0,1
2993,28311,71832,1,0
2994,28311,71856,1,0
2995,28311,71880,1,0
2996,28311,71904,1,0
2997,28311,71928,1,0
2998,28311,71952,1,0
2999,28311,71976,1,0
3000,28311,72000,1,0
3001,28311,72024,1,0
3002,28311,72048,1,0
3003,28311,72072,1,0
3004,28311,72096,1,0
3005,28311,72120,0,1
3006,28311,72144,1,0
3007,28311,72168,1,0
3008,28311,72192,1,0
3009,28311,72216,1,0
3010,28311,72240,1,0
3011,28311,72264,1,0
3012,28311,72288,1,0
3013,28311,72312,1,0
3014,28311,72336,1,0
3015,28311,72360,1,0
3016,28311,72384,1,0
3017,28311,72408,0,1
3018,28311,72432,0,1
3019,28311,72456,0,1
3020,28311,72480,1,0
3021,28311,72504,0,1
3022,28311,72528,0,1
3023,28311,72552,0,1
3024,28311,72576,0,1
3025,28311,72600,0,1
3026,28311,72624,0,1
3027,28311,72648,0,1
3028,28311,72672,0,1
3029,28311,72696,0,1
3030,28311,72720,0,1
3031,28311,72744,0,1
3032,28311,72768,0,1
3033,28311,72792,0,1
3034,28311,72816,0,1
3035,28311,72840,0,1
3036,28311,72864,0,1
3037,28311,72888,0,1
3038,28311,72912,0,1
3039,28311,72936,0,1
3040,28311,72960,0,1
3041,28311,72984,0,1
3042,28311,73008,0,1
3043,28311,73032,0,1
3044,28311,73056,0,1
3045,28311,73080,0,1
3046,28311,73104,0,1
3047,28311,73128,0,1
3048,28311,73152,0,1
3049,28311,73176,0,1
3050,28311,73200,0,1
3051,28311,73224,0,1
3052,28311,73248,0,1
3053,28311,73272,0,1
3054,28311,73296,0,1
3055,28311,73320,0,1
3056,28311,73344,0,1
3057,28311,73368,0,1
3058,28311,73392,0,1
3059,28311,73416,0,1
3060,28311,73440,0,1
3061,28311,73464,0,1
3062,28311,73488,0,1
3063,28311,73512,0,1
3064,28311,73536,0,1
3065,28311,73560,0,1
3066,28311,73584,0,1
3067,28311,73608,0,1
3068,28311,73632,0,1
3069,28311,73656,0,1
3070,28311,73680,0,1
3071,28311,73704,0,1
3072,28311,73728,0,1
3073,28311,73752,0,1
3074,28311,73776,1,0
3075,28311,73800,1,0
3076,28311,73824,1,0
3077,28311,73848,1,0
3078,28311,73872,1,0
3079,28311,73896,1,0
3080,28311,73920,1,0
3081,28311,73944,1,0
3082,28311,73968,0,1
3083,28311,73992,0,1
3084,28311,74016,0,1
3085,28311,74040,0,1
3086,28311,74064,0,1
3087,28311,74088,0,1
3088,28311,74112,0,1
3089,28311,74136,0,1
3090,28311,74160,0,1
3091,28311,74184,0,1
3092,28311,74208,0,1
3093,28311,74232,0,1
3094,28311,74256,0,1
3095,28311,74280,0,1
3096,28311,74304,0,1
3097,28311,74328,0,1
3098,28311,74352,0,1
3099,28311,74376,0,1
3100,28311,74400,0,1
3101,28311,74424,0,1
3102,28311,74448,1,0
3103,28311,74472,1,0
3104,28311,74496,1,0
3105,28311,74520,1,0
3106,28311,74544,1,0
3107,28311,74568,1,0
3108,28311,74592,1,0
3109,28311,74616,1,0
3110,28311,74640,1,0
3111,28311,74664,1,0
3112,28311,74688,1,0
3113,28311,74712,1,0
3114,28311,74736,1,0
3115,28311,74760,1,0
3116,28311,74784,1,0
3117,28311,74808,1,0
3118,28311,74832,1,0
3119,28311,74856,1,0
3120,28311,74880,1,0
3121,28311,74904,1,0
3122,28311,74928,1,0
3123,28311,74952,1,0
3124,28311,74976,1,0
3125,28311,75000,1,0
3126,28311,75024,1,0
3127,28311,75048,1,0
3128,28311,75072,1,0
3129,28311,75096,1,0
3130,28311,75120,1,0
3131,28311,75144,1,0
3132,28311,75168,1,0
3133,28311,75192,1,0
3134,28311,75216,1,0
3135,28311,75240,1,0
3136,28311,75264,1,0
3137,28311,75288,1,0
3138,28311,75312,1,0
3139,28311,75336,1,0
3140,28311,75360,1,0
3141,28311,75384,1,0
3142,28311,75408,1,0
3143,28311,75432,1,0
3144,28311,75456,1,0
3145,28311,75480,1,0
3146,28311,75504,1,0
3147,28311,75528,0,1
3148,28311,75552,1,0
3149,28311,75576,1,0
3150,28311,75600,1,0
3151,28311,75624,1,0
3152,28311,75648,1,0
3153,28311,75672,1,0
3154,28311,75696,1,0
3155,28311,75720,1,0
3156,28311,75744,1,0
3157,28311,75768,1,0
3158,28311,75792,1,0
3159,28311,75816,1,0
3160,28311,75840,1,0
3161,28311,75864,1,0
3162,28311,75888,1,0
3163,28311,75912,0,1
3164,28311,75936,1,0
3165,28311,75960,0,1
3166,28311,75984,0,1
3167,28311,76008,0,1
3168,28311,76032,0,1
3169,28311,76056,1,0
3170,28311,76080,1,0
3171,28311,76104,0,1
3172,28311,76128,0,1
3173,28311,76152,0,1
3174,28311,76176,0,1
3175,28311,76200,0,1
3176,28311,76224,0,1
3177,28311,76248,0,1
3178,28311,76272,1,0
3179,28311,76296,1,0
3180,28311,76320,1,0
3181,28311,76344,1,0
3182,28311,76368,1,0
3183,28311,76392,1,0
3184,28311,76416,1,0
3185,28311,76440,0,1
3186,28311,76464,0,1
3187,28311,76488,0,1
3188,28311,76512,0,1
3189,28311,76536,0,1
3190,28311,76560,1,0
3191,28311,76584,1,0
3192,28311,76608,1,0
3193,28311,76632,0,1
3194,28311,76656,0,1
3195,28311,76680,0,1
3196,28311,76704,1,0
3197,28311,76728,1,0
3198,28311,76752,1,0
3199,28311,76776,1,0
3200,28311,76800,1,0
3201,28311,76824,1,0
3202,28311,76848,1,0
3203,28311,76872,0,1
3204,28311,76896,0,1
3205,28311,76920,0,1
3206,28311,76944,1,0
3207,28311,76968,1,0
3208,28311,76992,0,1
3209,28311,77016,0,1
3210,28311,77040,0,1
3211,28311,77064,0,1
3212,28311,77088,0,1
3213,28311,77112,0,1
3214,28311,77136,0,1
3215,28311,77160,0,1
3216,28311,77184,0,1
3217,28311,77208,0,1
3218,28311,77232,0,1
3219,28311,77256,0,1
3220,28311,77280,1,0
3221,28311,77304,1,0
3222,28311,77328,1,0
3223,28311,77352,1,0
3224,28311,77376,1,0
3225,28311,77400,1,0
3226,28311,77424,1,0
3227,28311,77448,1,0
3228,28311,77472,1,0
3229,28311,77496,1,0
3230,28311,77520,0,1
3231,28311,77544,0,1
3232,28311,77568,0,1
3233,28311,77592,0,1
3234,28311,77616,0,1
3235,28311,77640,0,1
3236,28311,77664,0,1
3237,28311,77688,0,1
3238,28311,77712,0,1
3239,28311,77736,0,1
3240,28311,77760,0,1
3241,28311,77784,0,1
3242,28311,77808,0,1
3243,28311,77832,0,1
3244,28311,77856,0,1
3245,28311,77880,0,1
3246,28311,77904,0,1
3247,28311,77928,0,1
3248,28311,77952,0,1
3249,28311,77976,0,1
3250,28311,78000,0,1
3251,28311,78024,0,1
3252,28311,78048,0,1
3253,28311,78072,0,1
3254,28311,78096,0,1
3255,28311,78120,0,1
3256,28311,78144,0,1
3257,28311,78168,0,1
3258,28311,78192,0,1
3259,28311,78216,0,1
3260,28311,78240,0,1
3261,28311,78264,0,1
3262,28311,78288,0,1
3263,28311,78312,0,1
3264,28311,78336,0,1
3265,28311,78360,0,1
3266,28311,78384,0,1
3267,28311,78408,0,1
3268,28311,78432,0,1
3269,28311,78456,0,1
3270,28311,78480,0,1
3271,28311,78504,0,1
3272,28311,78528,0,1
3273,28311,78552,0,1
3274,28311,78576,0,1
3275,28311,78600,0,1
3276,28311,78624,0,1
3277,28311,78648,0,1
3278,28311,78672,0,1
3279,28311,78696,1,0
3280,28311,78720,1,0
3281,28311,78744,0,1
3282,28311,78768,1,0
3283,28311,78792,1,0
3284,28311,78816,1,0
3285,28311,78840,1,0
3286,28311,78864,0,1
3287,28311,78888,1,0
3288,28311,78912,1,0
3289,28311,78936,1,0
3290,28311,78960,1,0
3291,28311,78984,1,0
3292,28311,79008,0,1
3293,28311,79032,1,0
3294,28311,79056,0,1
3295,28311,79080,0,1
3296,28311,79104,1,0
3297,28311,79128,1,0
3298,28311,79152,0,1
3299,28311,79176,0,1
3300,28311,79200,1,0
3301,28311,79224,0,1
3302,28311,79248,1,0
3303,28311,79272,1,0
3304,28311,79296,1,0
3305,28311,79320,1,0
3306,28311,79344,1,0
3307,28311,79368,1,0
3308,28311,79392,1,0
3309,28311,79416,1,0
3310,28311,79440,1,0
3311,28311,79464,1,0
3312,28311,79488,1,0
3313,28311,79512,1,0
3314,28311,79536,1,0
3315,28311,79560,1,0
3316,28311,79584,1,0
3317,28311,79608,1,0
3318,28311,79632,0,1
3319,28311,79656,1,0
3320,28311,79680,0,1
3321,28311,79704,0,1
3322,28311,79728,0,1
3323,28311,79752,0,1
3324,28311,79776,0,1
3325,28311,79800,0,1
3326,28311,79824,0,1
3327,28311,79848,0,1
3328,28311,79872,0,1
3329,28311,79896,0,1
3330,28311,79920,0,1
3331,28311,79944,0,1
3332,28311,79968,0,1
3333,28311,79992,0,1
3334,28311,80016,0,1
3335,28311,80040,0,1
3336,28311,80064,0,1
3337,28311,80088,0,1
3338,28311,80112,0,1
3339,28311,80136,0,1
3340,28311,80160,0,1
3341,28311,80184,0,1
3342,28311,80208,0,1
3343,28311,80232,0,1
3344,28311,80256,0,1
3345,28311,80280,0,1
3346,28311,80304,0,1
3347,28311,80328,0,1
3348,28311,80352,0,1
3349,28311,80376,0,1
3350,28311,80400,0,1
3351,28311,80424,0,1
3352,28311,80448,0,1
3353,28311,80472,0,1
3354,28311,80496,0,1
3355,28311,80520,0,1
3356,28311,80544,0,1
3357,28311,80568,0,1
3358,28311,80592,0,1
3359,28311,80616,0,1
3360,28311,80640,0,1
3361,28311,80664,0,1
3362,28311,80688,0,1
3363,28311,80712,0,1
3364,28311,80736,0,1
3365,28311,80760,0,1
3366,28311,80784,0,1
3367,28311,80808,0,1
3368,28311,80832,0,1
3369,28311,80856,0,1
3370,28311,80880,0,1
3371,28311,80904,0,1
3372,28311,80928,0,1
3373,28311,80952,0,1
3374,28311,80976,0,1
3375,28311,81000,0,1
3376,28311,81024,0,1
3377,28311,81048,0,1
3378,28311,81072,0,1
3379,28311,81096,0,1
3380,28311,81120,0,1
3381,28311,81144,0,1
3382,28311,81168,0,1
3383,28311,81192,0,1
3384,28311,81216,0,1
3385,28311,81240,0,1
3386,28311,81264,0,1
3387,28311,81288,0,1
3388,28311,81312,0,1
3389,28311,81336,0,1
3390,28311,81360,0,1
3391,28311,81384,0,1
3392,28311,81408,1,0
3393,28311,81432,1,0
3394,28311,81456,1,0
3395,28311,81480,1,0
3396,28311,81504,1,0
3397,28311,81528,1,0
3398,28311,81552,1,0
3399,28311,81576,0,1
3400,28311,81600,0,1
3401,28311,81624,0,1
3402,28311,81648,0,1
3403,28311,81672,0,1
3404,28311,81696,0,1
3405,28311,81720,0,1
3406,28311,81744,0,1
3407,28311,81768,0,1
3408,28311,81792,0,1
3409,28311,81816,1,0
3410,28311,81840,0,1
3411,28311,81864,0,1
3412,28311,81888,1,0
3413,28311,81912,0,1
3414,28311,81936,0,1
3415,28311,81960,0,1
3416,28311,81984,0,1
3417,28311,82008,0,1
3418,28311,82032,0,1
3419,28311,82056,0,1
3420,28311,82080,0,1
3421,28311,82104,0,1
3422,28311,82128,0,1
3423,28311,82152,0,1
3424,28311,82176,0,1
3425,28311,82200,0,1
3426,28311,82224,0,1
3427,28311,82248,0,1
3428,28311,82272,0,1
3429,28311,82296,0,1
3430,28311,82320,0,1
3431,28311,82344,0,1
3432,28311,82368,0,1
3433,28311,82392,0,1
3434,28311,82416,0,1
3435,28311,82440,0,1
3436,28311,82464,0,1
3437,28311,82488,0,1
3438,28311,82512,0,1
3439,28311,82536,0,1
3440,28311,82560,0,1
3441,28311,82584,0,1
3442,28311,82608,0,1
3443,28311,82632,0,1
3444,28311,82656,0,1
3445,28311,82680,0,1
3446,28311,82704,0,1
3447,28311,82728,0,1
3448,28311,82752,0,1
3449,28311,82776,0,1
3450,28311,82800,0,1
3451,28311,82824,0,1
3452,28311,82848,0,1
3453,28311,82872,0,1
3454,28311,82896,0,1
3455,28311,82920,0,1
3456,28311,82944,0,1
3457,28311,82968,0,1
3458,28311,82992,0,1
3459,28311,83016,0,1
3460,28311,83040,0,1
3461,28311,83064,0,1
3462,28311,83088,0,1
3463,28311,83112,0,1
3464,28311,83136,1,0
3465,28311,83160,1,0
3466,28311,83184,1,0
3467,28311,83208,1,0
3468,28311,83232,1,0
3469,28311,83256,1,0
3470,28311,83280,1,0
3471,28311,83304,1,0
3472,28311,83328,1,0
3473,28311,83352,1,0
3474,28311,83376,1,0
3475,28311,83400,1,0
3476,28311,83424,1,0
3477,28311,83448,1,0
3478,28311,83472,1,0
3479,28311,83496,1,0
3480,28311,83520,1,0
3481,28311,83544,1,0
3482,28311,83568,1,0
3483,28311,83592,1,0
3484,28311,83616,1,0
3485,28311,83640,1,0
3486,28311,83664,0,1
3487,28311,83688,0,1
3488,28311,83712,0,1
3489,28311,83736,0,1
3490,28311,83760,0,1
3491,28311,83784,0,1
3492,28311,83808,0,1
3493,28311,83832,0,1
3494,28311,83856,0,1
3495,28311,83880,0,1
3496,28311,83904,0,1
3497,28311,83928,0,1
3498,28311,83952,0,1
3499,28311,83976,0,1
3500,28311,84000,1,0
3501,28311,84024,1,0
3502,28311,84048,1,0
3503,28311,84072,0,1
3504,28311,84096,0,1
3505,28311,84120,0,1
3506,28311,84144,0,1
3507,28311,84168,0,1
3508,28311,84192,0,1
3509,28311,84216,0,1
3510,28311,84240,0,1
3511,28311,84264,0,1
3512,28311,84288,0,1
3513,28311,84312,0,1
3514,28311,84336,0,1
3515,28311,84360,0,1
3516,28311,84384,0,1
3517,28311,84408,0,1
3518,28311,84432,0,1
3519,28311,84456,0,1
3520,28311,84480,0,1
3521,28311,84504,0,1
3522,28311,84528,0,1
3523,28311,84552,0,1
3524,28311,84576,0,1
3525,28311,84600,0,1
3526,28311,84624,0,1
3527,28311,84648,0,1
3528,28311,84672,0,1
3529,28311,84696,0,1
3530,28311,84720,0,1
3531,28311,84744,0,1
3532,28311,84768,0,1
3533,28311,84792,0,1
3534,28311,84816,0,1
3535,28311,84840,0,1
3536,28311,84864,0,1
3537,28311,84888,0,1
3538,28311,84912,0,1
3539,28311,84936,0,1
3540,28311,84960,0,1
3541,28311,84984,0,1
3542,28311,85008,0,1
3543,28311,85032,0,1
3544,28311,85056,0,1
3545,28311,85080,0,1
3546,28311,85104,0,1
3547,28311,85128,0,1
3548,28311,85152,0,1
3549,28311,85176,0,1
3550,28311,85200,0,1
3551,28311,85224,0,1
3552,28311,85248,0,1
3553,28311,85272,0,1
3554,28311,85296,0,1
3555,28311,85320,0,1
3556,28311,85344,0,1
3557,28311,85368,0,1
3558,28311,85392,0,1
3559,28311,85416,0,1
3560,28311,85440,0,1
3561,28311,85464,0,1
3562,28311,85488,0,1
3563,28311,85512,0,1
3564,28311,85536,0,1
3565,28311,85560,0,1
3566,28311,85584,0,1
3567,28311,85608,0,1
3568,28311,85632,0,1
3569,28311,85656,0,1
3570,28311,85680,0,1
3571,28311,85704,0,1
3572,28311,85728,0,1
3573,28311,85752,0,1
3574,28311,85776,0,1
3575,28311,85800,0,1
3576,28311,85824,0,1
3577,28311,85848,0,1
3578,28311,85872,0,1
3579,28311,85896,0,1
3580,28311,85920,0,1
3581,28311,85944,0,1
3582,28311,85968,0,1
3583,28311,85992,0,1
3584,28311,86016,0,1
3585,28311,86040,0,1
3586,28311,86064,0,1
3587,28311,86088,0,1
3588,28311,86112,0,1
3589,28311,86136,0,1
3590,28311,86160,0,1
3591,28311,86184,0,1
3592,28311,86208,0,1
3593,28311,86232,0,1
3594,28311,86256,0,1
3595,28311,86280,0,1
3596,28311,86304,0,1
3597,28311,86328,0,1
3598,28311,86352,0,1
3599,28311,86376,0,1
3600,28311,86400,0,1
3601,28311,86424,0,1
3602,28311,86448,0,1
3603,28311,86472,0,1
3604,28311,86496,0,1
3605,28311,86520,0,1
3606,28311,86544,0,1
3607,28311,86568,0,1
3608,28311,86592,0,1
3609,28311,86616,0,1
3610,28311,86640,0,1
3611,28311,86664,0,1
3612,28311,86688,0,1
3613,28311,86712,1,0
3614,28311,86736,0,1
3615,28311,86760,0,1
3616,28311,86784,0,1
3617,28311,86808,0,1
3618,28311,86832,0,1
3619,28311,86856,0,1
3620,28311,86880,0,1
3621,28311,86904,0,1
3622,28311,86928,0,1
3623,28311,86952,0,1
3624,28311,86976,0,1
3625,28311,87000,0,1
3626,28311,87024,0,1
3627,28311,87048,0,1
3628,28311,87072,0,1
3629,28311,87096,0,1
3630,28311,87120,0,1
3631,28311,87144,0,1
3632,28311,87168,0,1
3633,28311,87192,0,1
3634,28311,87216,0,1
3635,28311,87240,0,1
3636,28311,87264,0,1
3637,28311,87288,0,1
3638,28311,87312,0,1
3639,28311,87336,0,1
3640,28311,87360,0,1
3641,28311,87384,0,1
3642,28311,87408,0,1
3643,28311,87432,0,1
3644,28311,87456,0,1
3645,28311,87480,0,1
3646,28311,87504,0,1
3647,28311,87528,0,1
3648,28311,87552,0,1
3649,28311,87576,0,1
3650,28311,87600,0,1
3651,28311,87624,0,1
3652,28311,87648,0,1
3653,28311,87672,0,1
3654,28311,87696,0,1
3655,28311,87720,0,1
3656,28311,87744,0,1
3657,28311,87768,0,1
3658,28311,87792,0,1
3659,28311,87816,0,1
3660,28311,87840,0,1
3661,28311,87864,0,1
3662,28311,87888,0,1
3663,28311,87912,0,1
3664,28311,87936,0,1
3665,28311,87960,0,1
3666,28311,87984,0,1
3667,28311,88008,0,1
3668,28311,88032,0,1
3669,28311,88056,0,1
3670,28311,88080,0,1
3671,28311,88104,0,1
3672,28311,88128,0,1
3673,28311,88152,0,1
3674,28311,88176,0,1
3675,28311,88200,0,1
3676,28311,88224,0,1
3677,28311,88248,0,1
3678,28311,88272,0,1
3679,28311,88296,0,1
3680,28311,88320,0,1
3681,28311,88344,0,1
3682,28311,88368,0,1
3683,28311,88392,0,1
3684,28311,88416,0,1
3685,28311,88440,0,1
3686,28311,88464,0,1
3687,28311,88488,0,1
3688,28311,88512,0,1
3689,28311,88536,0,1
3690,28311,88560,0,1
3691,28311,88584,0,1
3692,28311,88608,0,1
3693,28311,88632,0,1
3694,28311,88656,0,1
3695,28311,88680,0,1
3696,28311,88704,0,1
3697,28311,88728,0,1
3698,28311,88752,0,1
3699,28311,88776,0,1
3700,28311,88800,0,1
3701,28311,88824,0,1
3702,28311,88848,0,1
3703,28311,88872,0,1
3704,28311,88896,0,1
3705,28311,88920,1,0
3706,28311,88944,1,0
3707,28311,88968,0,1
3708,28311,88992,0,1
3709,28311,89016,0,1
3710,28311,89040,0,1
3711,28311,89064,0,1
3712,28311,89088,0,1
3713,28311,89112,0,1
3714,28311,89136,0,1
3715,28311,89160,0,1
3716,28311,89184,0,1
3717,28311,89208,0,1
3718,28311,89232,0,1
3719,28311,89256,0,1
3720,28311,89280,0,1
3721,28311,89304,0,1
3722,28311,89328,0,1
3723,28311,89352,0,1
3724,28311,89376,0,1
3725,28311,89400,0,1
3726,28311,89424,0,1
3727,28311,89448,0,1
3728,28311,89472,0,1
3729,28311,89496,0,1
3730,28311,89520,0,1
3731,28311,89544,0,1
3732,28311,89568,0,1
3733,28311,89592,0,1
3734,28311,89616,0,1
3735,28311,89640,0,1
3736,28311,89664,0,1
3737,28311,89688,0,1
3738,28311,89712,0,1
3739,28311,89736,0,1
3740,28311,89760,0,1
3741,28311,89784,0,1
3742,28311,89808,0,1
3743,28311,89832,0,1
3744,28311,89856,0,1
3745,28311,89880,0,1
3746,28311,89904,1,0
3747,28311,89928,1,0
3748,28311,89952,1,0
3749,28311,89976,0,1
3750,28311,90000,0,1
3751,28311,90024,0,1
3752,28311,90048,0,1
3753,28311,90072,0,1
3754,28311,90096,0,1
3755,28311,90120,0,1
3756,28311,90144,0,1
3757,28311,90168,0,1
3758,28311,90192,0,1
3759,28311,90216,0,1
3760,28311,90240,0,1
3761,28311,90264,0,1
3762,28311,90288,1,0
3763,28311,90312,1,0
3764,28311,90336,1,0
3765,28311,90360,1,0
3766,28311,90384,1,0
3767,28311,90408,1,0
3768,28311,90432,0,1
3769,28311,90456,0,1
3770,28311,90480,0,1
3771,28311,90504,0,1
3772,28311,90528,0,1
3773,28311,90552,0,1
3774,28311,90576,0,1
3775,28311,90600,0,1
3776,28311,90624,0,1
3777,28311,90648,0,1
3778,28311,90672,0,1
3779,28311,90696,0,1
3780,28311,90720,0,1
3781,28311,90744,0,1
3782,28311,90768,0,1
3783,28311,90792,0,1
3784,28311,90816,0,1
3785,28311,90840,0,1
3786,28311,90864,0,1
3787,28311,90888,0,1
3788,28311,90912,0,1
3789,28311,90936,0,1
3790,28311,90960,0,1
3791,28311,90984,0,1
3792,28311,91008,0,1
3793,28311,91032,0,1
3794,28311,91056,0,1
3795,28311,91080,0,1
3796,28311,91104,0,1
3797,28311,91128,0,1
3798,28311,91152,0,1
3799,28311,91176,0,1
3800,28311,91200,0,1
3801,28311,91224,0,1
3802,28311,91248,0,1
3803,28311,91272,0,1
3804,28311,91296,0,1
3805,28311,91320,0,1
3806,28311,91344,0,1
3807,28311,91368,0,1
3808,28311,91392,0,1
3809,28311,91416,0,1
3810,28311,91440,0,1
3811,28311,91464,0,1
3812,28311,91488,0,1
3813,28311,91512,0,1
3814,28311,91536,0,1
3815,28311,91560,0,1
3816,28311,91584,0,1
3817,28311,91608,0,1
3818,28311,91632,0,1
3819,28311,91656,0,1
3820,28311,91680,0,1
3821,28311,91704,0,1
3822,28311,91728,0,1
3823,28311,91752,0,1
3824,28311,91776,0,1
3825,28311,91800,0,1
3826,28311,91824,0,1
3827,28311,91848,0,1
3828,28311,91872,0,1
3829,28311,91896,0,1
3830,28311,91920,0,1
3831,28311,91944,0,1
3832,28311,91968,0,1
3833,28311,91992,0,1
3834,28311,92016,0,1
3835,28311,92040,0,1
3836,28311,92064,0,1
3837,28311,92088,0,1
3838,28311,92112,0,1
3839,28311,92136,0,1
3840,28311,92160,0,1
3841,28311,92184,0,1
3842,28311,92208,0,1
3843,28311,92232,0,1
3844,28311,92256,0,1
3845,28311,92280,0,1
3846,28311,92304,0,1
3847,28311,92328,0,1
3848,28311,92352,0,1
3849,28311,92376,0,1
3850,28311,92400,0,1
3851,28311,92424,0,1
3852,28311,92448,0,1
3853,28311,92472,1,0
3854,28311,92496,0,1
3855,28311,92520,0,1
3856,28311,92544,0,1
3857,28311,92568,0,1
3858,28311,92592,0,1
3859,28311,92616,0,1
3860,28311,92640,0,1
3861,28311,92664,0,1
3862,28311,92688,0,1
3863,28311,92712,0,1
3864,28311,92736,0,1
3865,28311,92760,0,1
3866,28311,92784,0,1
3867,28311,92808,0,1
3868,28311,92832,0,1
3869,28311,92856,0,1
3870,28311,92880,0,1
3871,28311,92904,0,1
3872,28311,92928,0,1
3873,28311,92952,0,1
3874,28311,92976,0,1
3875,28311,93000,0,1
3876,28311,93024,0,1
3877,28311,93048,0,1
3878,28311,93072,0,1
3879,28311,93096,0,1
3880,28311,93120,0,1
3881,28311,93144,0,1
3882,28311,93168,0,1
3883,28311,93192,0,1
3884,28311,93216,0,1
3885,28311,93240,0,1
3886,28311,93264,0,1
3887,28311,93288,0,1
3888,28311,93312,0,1
3889,28311,93336,0,1
3890,28311,93360,0,1
3891,28311,93384,0,1
3892,28311,93408,0,1
3893,28311,93432,0,1
3894,28311,93456,0,1
3895,28311,93480,0,1
3896,28311,93504,0,1
3897,28311,93528,0,1
3898,28311,93552,0,1
3899,28311,93576,0,1
3900,28311,93600,0,1
3901,28311,93624,0,1
3902,28311,93648,0,1
3903,28311,93672,0,1
3904,28311,93696,0,1
3905,28311,93720,0,1
3906,28311,93744,0,1
3907,28311,93768,0,1
3908,28311,93792,0,1
3909,28311,93816,0,1
3910,28311,93840,0,1
3911,28311,93864,0,1
3912,28311,93888,0,1
3913,28311,93912,0,1
3914,28311,93936,0,1
3915,28311,93960,1,0
3916,28311,93984,1,0
3917,28311,94008,1,0
3918,28311,94032,1,0
3919,28311,94056,1,0
3920,28311,94080,0,1
3921,28311,94104,1,0
3922,28311,94128,1,0
3923,28311,94152,1,0
3924,28311,94176,1,0
3925,28311,94200,1,0
3926,28311,94224,1,0
3927,28311,94248,1,0
3928,28311,94272,1,0
3929,28311,94296,1,0
3930,28311,94320,1,0
3931,28311,94344,1,0
3932,28311,94368,1,0
3933,28311,94392,1,0
3934,28311,94416,1,0
3935,28311,94440,0,1
3936,28311,94464,0,1
3937,28311,94488,0,1
3938,28311,94512,0,1
3939,28311,94536,0,1
3940,28311,94560,0,1
3941,28311,94584,0,1
3942,28311,94608,0,1
3943,28311,94632,1,0
3944,28311,94656,1,0
3945,28311,94680,0,1
3946,28311,94704,1,0
3947,28311,94728,0,1
3948,28311,94752,1,0
3949,28311,94776,1,0
3950,28311,94800,0,1
3951,28311,94824,0,1
3952,28311,94848,0,1
3953,28311,94872,0,1
3954,28311,94896,0,1
3955,28311,94920,0,1
3956,28311,94944,0,1
3957,28311,94968,0,1
3958,28311,94992,0,1
3959,28311,95016,0,1
3960,28311,95040,0,1
3961,28311,95064,0,1
3962,28311,95088,0,1
3963,28311,95112,0,1
3964,28311,95136,0,1
3965,28311,95160,0,1
3966,28311,95184,0,1
3967,28311,95208,0,1
3968,28311,95232,0,1
3969,28311,95256,0,1
3970,28311,95280,0,1
3971,28311,95304,0,1
3972,28311,95328,0,1
3973,28311,95352,0,1
3974,28311,95376,0,1
3975,28311,95400,1,0
3976,28311,95424,1,0
3977,28311,95448,1,0
3978,28311,95472,0,1
3979,28311,95496,1,0
3980,28311,95520,0,1
3981,28311,95544,0,1
3982,28311,95568,0,1
3983,28311,95592,0,1
3984,28311,95616,1,0
3985,28311,95640,0,1
3986,28311,95664,0,1
3987,28311,95688,1,0
3988,28311,95712,1,0
3989,28311,95736,1,0
3990,28311,95760,1,0
3991,28311,95784,1,0
3992,28311,95808,1,0
3993,28311,95832,1,0
3994,28311,95856,1,0
3995,28311,95880,1,0
3996,28311,95904,1,0
3997,28311,95928,1,0
3998,28311,95952,1,0
3999,28311,95976,1,0
4000,28311,96000,1,0
4001,28311,96024,1,0
4002,28311,96048,1,0
4003,28311,96072,1,0
4004,28311,96096,1,0
4005,28311,96120,0,1
4006,28311,96144,0,1
4007,28311,96168,1,0
4008,28311,96192,0,1
4009,28311,96216,1,0
4010,28311,96240,1,0
4011,28311,96264,0,1
4012,28311,96288,0,1
4013,28311,96312,0,1
4014,28311,96336,0,1
4015,28311,96360,0,1
4016,28311,96384,0,1
4017,28311,96408,0,1
4018,28311,96432,0,1
4019,28311,96456,0,1
4020,28311,96480,0,1
4021,28311,96504,0,1
4022,28311,96528,0,1
4023,28311,96552,0,1
4024,28311,96576,0,1
4025,28311,96600,0,1
4026,28311,96624,0,1
4027,28311,96648,0,1
4028,28311,96672,0,1
4029,28311,96696,0,1
4030,28311,96720,0,1
4031,28311,96744,0,1
4032,28311,96768,0,1
4033,28311,96792,0,1
4034,28311,96816,0,1
4035,28311,96840,0,1
4036,28311,96864,0,1
4037,28311,96888,0,1
4038,28311,96912,0,1
4039,28311,96936,0,1
4040,28311,96960,0,1
4041,28311,96984,0,1
4042,28311,97008,0,1
4043,28311,97032,0,1
4044,28311,97056,0,1
4045,28311,97080,0,1
4046,28311,97104,0,1
4047,28311,97128,0,1
4048,28311,97152,0,1
4049,28311,97176,0,1
4050,28311,97200,0,1
4051,28311,97224,0,1
4052,28311,97248,0,1
4053,28311,97272,0,1
4054,28311,97296,0,1
4055,28311,97320,0,1
4056,28311,97344,0,1
4057,28311,97368,0,1
4058,28311,97392,0,1
4059,28311,97416,1,0
4060,28311,97440,1,0
4061,28311,97464,1,0
4062,28311,97488,1,0
4063,28311,97512,1,0
4064,28311,97536,0,1
4065,28311,97560,0,1
4066,28311,97584,0,1
4067,28311,97608,0,1
4068,28311,97632,0,1
4069,28311,97656,0,1
4070,28311,97680,0,1
4071,28311,97704,0,1
4072,28311,97728,0,1
4073,28311,97752,0,1
4074,28311,97776,0,1
4075,28311,97800,0,1
4076,28311,97824,0,1
4077,28311,97848,0,1
4078,28311,97872,0,1
4079,28311,97896,0,1
4080,28311,97920,0,1
4081,28311,97944,0,1
4082,28311,97968,0,1
4083,28311,97992,0,1
4084,28311,98016,0,1
4085,28311,98040,0,1
4086,28311,98064,0,1
4087,28311,98088,0,1
4088,28311,98112,0,1
4089,28311,98136,0,1
4090,28311,98160,0,1
4091,28311,98184,0,1
4092,28311,98208,0,1
4093,28311,98232,0,1
4094,28311,98256,0,1
4095,28311,98280,0,1
4096,28311,98304,0,1
4097,28311,98328,0,1
4098,28311,98352,0,1
4099,28311,98376,0,1
4100,28311,98400,0,1
4101,28311,98424,0,1
4102,28311,98448,0,1
4103,28311,98472,0,1
4104,28311,98496,0,1
4105,28311,98520,0,1
4106,28311,98544,0,1
4107,28311,98568,0,1
4108,28311,98592,0,1
4109,28311,98616,0,1
4110,28311,98640,0,1
4111,28311,98664,0,1
4112,28311,98688,0,1
4113,28311,98712,0,1
4114,28311,98736,0,1
4115,28311,98760,0,1
4116,28311,98784,0,1
4117,28311,98808,0,1
4118,28311,98832,0,1
4119,28311,98856,0,1
4120,28311,98880,0,1
4121,28311,98904,0,1
4122,28311,98928,0,1
4123,28311,98952,0,1
4124,28311,98976,0,1
4125,28311,99000,0,1
4126,28311,99024,0,1
4127,28311,99048,0,1
4128,28311,99072,1,0
4129,28311,99096,1,0
4130,28311,99120,1,0
4131,28311,99144,0,1
4132,28311,99168,0,1
4133,28311,99192,0,1
4134,28311,99216,1,0
4135,28311,99240,1,0
4136,28311,99264,1,0
4137,28311,99288,1,0
4138,28311,99312,0,1
4139,28311,99336,0,1
4140,28311,99360,0,1
4141,28311,99384,0,1
4142,28311,99408,0,1
4143,28311,99432,0,1
4144,28311,99456,0,1
4145,28311,99480,0,1
4146,28311,99504,0,1
4147,28311,99528,0,1
4148,28311,99552,0,1
4149,28311,99576,0,1
4150,28311,99600,0,1
4151,28311,99624,0,1
4152,28311,99648,0,1
4153,28311,99672,0,1
4154,28311,99696,1,0
4155,28311,99720,1,0
4156,28311,99744,1,0
4157,28311,99768,1,0
4158,28311,99792,1,0
4159,28311,99816,0,1
4160,28311,99840,1,0
4161,28311,99864,1,0
4162,28311,99888,1,0
4163,28311,99912,1,0
4164,28311,99936,0,1
4165,28311,99960,1,0
4166,28311,99984,1,0
4167,28311,100008,1,0
4168,28311,100032,1,0
4169,28311,100056,1,0
4170,28311,100080,1,0
4171,28311,100104,1,0
4172,28311,100128,1,0
4173,28311,100152,1,0
4174,28311,100176,1,0
4175,28311,100200,1,0
4176,28311,100224,1,0
4177,28311,100248,1,0
4178,28311,100272,1,0
4179,28311,100296,1,0
4180,28311,100320,1,0
4181,28311,100344,1,0
4182,28311,100368,1,0
4183,28311,100392,1,0
4184,28311,100416,1,0
4185,28311,100440,1,0
4186,28311,100464,1,0
4187,28311,100488,1,0
4188,28311,100512,1,0
4189,28311,100536,1,0
4190,28311,100560,1,0
4191,28311,100584,1,0
4192,28311,100608,1,0
4193,28311,100632,1,0
4194,28311,100656,1,0
4195,28311,100680,1,0
4196,28311,100704,1,0
4197,28311,100728,1,0
4198,28311,100752,1,0
4199,28311,100776,1,0
4200,28311,100800,1,0
4201,28311,100824,1,0
4202,28311,100848,1,0
4203,28311,100872,1,0
4204,28311,100896,1,0
4205,28311,100920,1,0
4206,28311,100944,1,0
4207,28311,100968,1,0
4208,28311,100992,1,0
4209,28311,101016,1,0
4210,28311,101040,1,0
4211,28311,101064,1,0
4212,28311,101088,1,0
4213,28311,101112,1,0
4214,28311,101136,1,0
4215,28311,101160,1,0
4216,28311,101184,1,0
4217,28311,101208,1,0
4218,28311,101232,1,0
4219,28311,101256,1,0
4220,28311,101280,1,0
4221,28311,101304,1,0
4222,28311,101328,1,0
4223,28311,101352,1,0
4224,28311,101376,1,0
4225,28311,101400,1,0
4226,28311,101424,1,0
4227,28311,101448,1,0
4228,28311,101472,1,0
4229,28311,101496,1,0
4230,28311,101520,1,0
4231,28311,101544,1,0
4232,28311,101568,1,0
4233,28311,101592,1,0
4234,28311,101616,1,0
4235,28311,101640,1,0
4236,28311,101664,1,0
4237,28311,101688,1,0
4238,28311,101712,1,0
4239,28311,101736,1,0
4240,28311,101760,1,0
4241,28311,101784,1,0
4242,28311,101808,1,0
4243,28311,101832,1,0
4244,28311,101856,1,0
4245,28311,101880,1,0
4246,28311,101904,1,0
4247,28311,101928,1,0
4248,28311,101952,1,0
4249,28311,101976,1,0
4250,28311,102000,1,0
4251,28311,102024,1,0
4252,28311,102048,1,0
4253,28311,102072,1,0
4254,28311,102096,1,0
4255,28311,102120,1,0
4256,28311,102144,1,0
4257,28311,102168,1,0
4258,28311,102192,1,0
4259,28311,102216,1,0
4260,28311,102240,1,0
4261,28311,102264,1,0
4262,28311,102288,1,0
4263,28311,102312,1,0
4264,28311,102336,1,0
4265,28311,102360,1,0
4266,28311,102384,1,0
4267,28311,102408,1,0
4268,28311,102432,1,0
4269,28311,102456,1,0
4270,28311,102480,1,0
4271,28311,102504,1,0
4272,28311,102528,1,0
4273,28311,102552,0,1
4274,28311,102576,0,1
4275,28311,102600,0,1
4276,28311,102624,0,1
4277,28311,102648,0,1
4278,28311,102672,0,1
4279,28311,102696,0,1
4280,28311,102720,0,1
4281,28311,102744,0,1
4282,28311,102768,0,1
4283,28311,102792,0,1
4284,28311,102816,1,0
4285,28311,102840,0,1
4286,28311,102864,1,0
4287,28311,102888,1,0
4288,28311,102912,1,0
4289,28311,102936,1,0
4290,28311,102960,1,0
4291,28311,102984,0,1
4292,28311,103008,1,0
4293,28311,103032,0,1
4294,28311,103056,1,0
4295,28311,103080,0,1
4296,28311,103104,1,0
4297,28311,103128,0,1
4298,28311,103152,1,0
4299,28311,103176,1,0
4300,28311,103200,1,0
4301,28311,103224,1,0
4302,28311,103248,1,0
4303,28311,103272,1,0
4304,28311,103296,1,0
4305,28311,103320,1,0
4306,28311,103344,1,0
4307,28311,103368,1,0
4308,28311,103392,1,0
4309,28311,103416,1,0
4310,28311,103440,1,0
4311,28311,103464,1,0
4312,28311,103488,1,0
4313,28311,103512,1,0
4314,28311,103536,1,0
4315,28311,103560,1,0
4316,28311,103584,1,0
4317,28311,103608,1,0
4318,28311,103632,1,0
4319,28311,103656,1,0
4320,28311,103680,1,0
4321,28311,103704,1,0
4322,28311,103728,1,0
4323,28311,103752,1,0
4324,28311,103776,1,0
4325,28311,103800,0,1
4326,28311,103824,0,1
4327,28311,103848,0,1
4328,28311,103872,0,1
4329,28311,103896,0,1
4330,28311,103920,0,1
4331,28311,103944,0,1
4332,28311,103968,0,1
4333,28311,103992,0,1
4334,28311,104016,0,1
4335,28311,104040,0,1
4336,28311,104064,0,1
4337,28311,104088,0,1
4338,28311,104112,0,1
4339,28311,104136,0,1
4340,28311,104160,0,1
4341,28311,104184,0,1
4342,28311,104208,0,1
4343,28311,104232,0,1
4344,28311,104256,0,1
4345,28311,104280,0,1
4346,28311,104304,0,1
4347,28311,104328,0,1
4348,28311,104352,0,1
4349,28311,104376,0,1
4350,28311,104400,0,1
4351,28311,104424,0,1
4352,28311,104448,0,1
4353,28311,104472,0,1
4354,28311,104496,0,1
4355,28311,104520,0,1
4356,28311,104544,0,1
4357,28311,104568,0,1
4358,28311,104592,0,1
4359,28311,104616,0,1
4360,28311,104640,0,1
4361,28311,104664,1,0
4362,28311,104688,0,1
4363,28311,104712,0,1
4364,28311,104736,0,1
4365,28311,104760,0,1
4366,28311,104784,0,1
4367,28311,104808,0,1
4368,28311,104832,0,1
4369,28311,104856,0,1
4370,28311,104880,0,1
4371,28311,104904,0,1
4372,28311,104928,0,1
4373,28311,104952,0,1
4374,28311,104976,0,1
4375,28311,105000,0,1
4376,28311,105024,0,1
4377,28311,105048,0,1
4378,28311,105072,0,1
4379,28311,105096,0,1
4380,28311,105120,0,1
4381,28311,105144,0,1
4382,28311,105168,0,1
4383,28311,105192,0,1
4384,28311,105216,0,1
4385,28311,105240,0,1
4386,28311,105264,0,1
4387,28311,105288,0,1
4388,28311,105312,0,1
4389,28311,105336,1,0
4390,28311,105360,1,0
4391,28311,105384,1,0
4392,28311,105408,1,0
4393,28311,105432,1,0
4394,28311,105456,1,0
4395,28311,105480,1,0
4396,28311,105504,1,0
4397,28311,105528,1,0
4398,28311,105552,1,0
4399,28311,105576,1,0
4400,28311,105600,1,0
4401,28311,105624,1,0
4402,28311,105648,1,0
4403,28311,105672,1,0
4404,28311,105696,1,0
